,일시,총발전량(kWh),최저기온(°C),최고기온(°C),일강수량(mm),평균 풍속(m/s),평균 상대습도(%),가조시간(hr),합계 일사량(MJ/m2),평균 전운량(1/10),합계 일사량(w/m2)
0,2017-07-01,2296,20.9,25.9,11.1,1.7,96.1,14.6,5.21,9.6,1447.2222222222222
1,2017-07-02,1252,23.5,25.7,4.3,3.5,98.0,14.6,3.21,9.9,891.6666666666666
2,2017-07-03,1962,23.1,25.4,7.9,3.4,98.0,14.6,3.97,10.0,1102.7777777777778
3,2017-07-04,5365,23.1,29.5,14.8,1.7,95.5,14.6,12.62,8.0,3505.5555555555557
4,2017-07-05,4992,23.2,31.9,0.0,1.2,87.6,14.6,17.2,5.6,4777.777777777777
5,2017-07-06,4260,21.8,31.8,1.0,1.4,93.0,14.6,14.15,7.3,3930.5555555555557
6,2017-07-07,1836,23.6,28.3,14.8,3.0,97.5,14.6,4.38,9.8,1216.6666666666667
7,2017-07-08,2134,23.2,27.0,74.9,3.1,98.0,14.6,6.14,9.9,1705.5555555555557
8,2017-07-09,4185,24.2,30.3,2.3,2.2,97.3,14.5,9.74,9.9,2705.5555555555557
9,2017-07-10,193,24.4,26.1,47.2,4.1,98.0,14.5,1.62,10.0,450.0
10,2017-07-11,3740,22.5,28.2,0.0,2.5,97.8,14.5,8.09,9.5,2247.222222222222
11,2017-07-12,3938,22.3,29.7,0.1,1.5,94.4,14.5,13.36,5.5,3711.1111111111113
12,2017-07-13,5014,20.8,31.4,0.0,1.3,94.0,14.5,17.45,3.9,4847.222222222223
13,2017-07-14,4636,23.6,31.7,1.7,2.3,92.9,14.5,14.79,7.9,4108.333333333333
14,2017-07-15,2078,23.4,27.0,12.7,2.4,97.9,14.4,6.64,10.0,1844.4444444444443
15,2017-07-16,1123,23.2,26.8,15.4,2.1,98.0,14.4,2.31,10.0,641.6666666666666
16,2017-07-17,1256,23.3,26.3,5.5,1.9,98.0,14.4,3.04,10.0,844.4444444444445
17,2017-07-18,3979,23.1,29.4,1.3,1.1,97.6,14.4,11.28,9.0,3133.3333333333335
18,2017-07-19,4796,24.0,32.3,0.0,0.9,92.1,14.4,12.81,7.0,3558.3333333333335
19,2017-07-20,5173,23.1,31.8,0.0,1.8,93.8,14.3,19.16,2.9,5322.222222222223
20,2017-07-21,4096,25.8,31.4,0.0,2.7,96.3,14.3,14.96,7.6,4155.555555555556
21,2017-07-22,4404,25.8,29.4,0.0,2.9,98.0,14.3,9.07,9.1,2519.4444444444443
22,2017-07-23,1699,25.5,29.5,0.0,2.8,98.0,14.3,4.23,9.6,1175.0
23,2017-07-24,810,25.5,28.2,25.9,1.3,98.0,14.3,2.92,9.6,811.1111111111111
24,2017-07-25,5838,24.5,33.0,0.0,1.5,93.1,14.2,18.74,5.0,5205.555555555556
25,2017-07-26,5514,22.4,32.0,0.0,1.2,88.3,14.2,14.95,4.0,4152.777777777777
26,2017-07-27,3628,23.2,32.5,0.0,0.7,94.3,14.2,14.38,6.5,3994.4444444444443
27,2017-07-28,1382,23.9,27.6,0.7,1.6,98.0,14.1,3.78,9.4,1050.0
28,2017-07-29,2554,23.7,32.0,0.0,1.2,95.0,14.1,11.29,7.8,3136.1111111111113
29,2017-07-30,4848,23.3,31.1,0.0,1.2,93.5,14.1,14.94,6.9,4150.0
30,2017-07-31,771,22.0,25.6,86.2,1.0,98.0,14.1,2.17,9.6,602.7777777777778
31,2017-08-01,4837,23.3,33.1,6.4,0.8,92.0,14.0,14.53,6.3,4036.1111111111113
32,2017-08-02,5566,24.0,33.2,5.9,0.7,94.3,14.0,17.08,3.6,4744.444444444444
33,2017-08-03,5577,24.0,33.0,0.0,0.9,87.8,14.0,18.39,3.3,5108.333333333333
34,2017-08-04,5363,23.3,33.6,0.0,1.0,88.4,13.9,18.33,4.0,5091.666666666667
35,2017-08-05,5244,24.9,34.7,0.0,1.4,90.1,13.9,17.18,4.0,4772.222222222223
36,2017-08-06,2869,24.0,32.8,24.4,1.1,94.8,13.9,10.21,5.9,2836.1111111111113
37,2017-08-07,5344,23.1,33.0,0.0,1.1,88.8,13.9,17.86,2.3,4961.111111111111
38,2017-08-08,3702,22.5,30.0,0.0,0.8,94.6,13.8,10.45,7.1,2902.777777777778
39,2017-08-09,2734,23.2,28.2,3.4,1.7,96.4,13.8,10.47,9.1,2908.3333333333335
40,2017-08-10,4203,23.7,31.7,0.0,1.2,94.1,13.7,14.82,5.5,4116.666666666667
41,2017-08-11,2548,22.0,30.0,13.1,0.7,98.0,13.7,11.79,3.0,3275.0
42,2017-08-12,4309,23.1,31.1,0.0,1.3,95.1,13.7,13.2,4.9,3666.6666666666665
43,2017-08-13,2387,22.5,26.6,0.9,1.6,93.6,13.7,6.29,9.0,1747.2222222222222
44,2017-08-14,1047,21.4,23.7,25.6,2.2,100.0,13.6,3.88,10.0,1077.7777777777778
45,2017-08-15,961,21.6,26.1,18.4,2.6,100.0,13.6,3.42,9.4,950.0
46,2017-08-16,1749,22.4,29.3,0.0,2.4,99.0,13.5,11.38,7.3,3161.1111111111113
47,2017-08-17,3736,22.2,29.7,2.7,1.3,96.0,13.5,15.83,7.0,4397.222222222223
48,2017-08-18,3083,21.2,29.9,5.5,0.9,99.3,13.5,10.42,6.6,2894.4444444444443
49,2017-08-19,2365,21.7,29.1,13.5,0.9,97.9,13.5,7.63,8.6,2119.4444444444443
50,2017-08-20,1476,22.7,28.6,64.8,2.3,98.4,13.4,5.11,9.9,1419.4444444444443
51,2017-08-21,2857,22.9,28.2,3.0,2.9,100.0,13.4,7.84,8.0,2177.777777777778
52,2017-08-22,4887,23.0,31.1,0.0,1.2,95.0,13.3,17.03,6.0,4730.555555555556
53,2017-08-23,3516,25.0,31.2,20.5,3.6,100.0,13.3,9.35,9.1,2597.222222222222
54,2017-08-24,1956,21.8,28.8,12.2,4.2,100.0,13.3,3.89,8.6,1080.5555555555557
55,2017-08-25,4666,19.4,31.1,0.0,1.2,86.5,13.2,16.33,4.8,4536.11111111111
56,2017-08-26,5372,16.4,29.0,0.0,1.1,67.0,13.2,18.79,2.3,5219.444444444444
57,2017-08-27,2812,17.0,28.4,0.0,0.8,71.6,13.2,13.37,7.3,3713.8888888888887
58,2017-08-28,1963,17.6,27.2,11.0,1.9,88.0,13.1,7.43,8.3,2063.8888888888887
59,2017-08-29,5136,17.8,23.0,0.0,2.6,54.9,13.1,17.62,4.9,4894.444444444444
60,2017-08-30,1913,16.7,23.5,0.0,1.5,68.5,13.1,5.82,8.3,1616.6666666666667
61,2017-08-31,4857,15.3,27.2,0.0,1.3,76.0,13.0,17.59,1.8,4886.111111111111
62,2017-09-01,5127,15.9,28.1,0.0,1.9,67.5,13.0,18.92,0.1,5255.555555555556
63,2017-09-02,4574,16.3,28.0,0.0,1.3,76.9,12.9,14.25,2.3,3958.3333333333335
64,2017-09-03,4630,16.0,29.3,0.0,1.0,78.4,12.9,15.62,3.8,4338.888888888889
65,2017-09-04,4164,18.1,29.4,0.0,1.1,68.0,12.9,15.52,5.5,4311.111111111111
66,2017-09-05,1326,18.1,22.8,0.0,1.0,82.8,12.8,3.81,9.6,1058.3333333333333
67,2017-09-06,1067,18.5,23.1,0.1,0.8,88.8,12.8,3.45,9.9,958.3333333333334
68,2017-09-07,4650,17.2,27.8,0.0,1.2,84.6,12.7,14.1,4.0,3916.6666666666665
69,2017-09-08,4710,17.0,29.3,0.0,1.1,77.6,12.7,16.86,3.9,4683.333333333333
70,2017-09-09,3384,17.0,29.4,0.0,0.8,85.6,12.7,11.62,5.3,3227.777777777778
71,2017-09-10,1440,16.6,26.6,0.0,0.9,87.5,12.6,5.73,8.6,1591.6666666666667
72,2017-09-11,1934,16.9,23.4,14.6,1.8,89.9,12.6,6.12,6.6,1700.0
73,2017-09-12,4646,14.4,26.3,0.0,1.4,79.3,12.6,16.85,0.4,4680.555555555556
74,2017-09-13,4883,13.5,27.0,0.0,1.4,72.1,12.5,17.62,0.0,4894.444444444444
75,2017-09-14,4475,12.7,28.0,0.0,1.7,70.9,12.5,16.87,0.1,4686.111111111111
76,2017-09-15,4310,17.6,27.2,0.0,2.3,61.1,12.4,16.26,4.5,4516.666666666667
77,2017-09-16,3445,16.2,25.9,0.0,2.5,62.1,12.4,13.68,3.8,3800.0
78,2017-09-17,4372,16.9,27.1,0.0,2.5,68.8,12.4,15.66,2.9,4350.0
79,2017-09-18,4425,14.4,26.7,0.0,1.4,81.8,12.3,14.93,1.8,4147.222222222223
80,2017-09-19,2986,18.1,26.8,0.0,3.1,88.6,12.3,7.15,6.8,1986.111111111111
81,2017-09-20,4656,12.6,23.2,0.0,2.0,66.4,12.2,16.95,2.1,4708.333333333333
82,2017-09-21,4112,11.2,25.8,0.0,1.0,76.6,12.2,16.12,1.1,4477.777777777778
83,2017-09-22,3934,12.3,25.2,0.0,1.4,79.3,12.2,15.14,3.0,4205.555555555556
84,2017-09-23,3646,14.2,25.2,0.0,1.5,89.4,12.1,10.95,7.9,3041.6666666666665
85,2017-09-24,2198,18.8,26.4,0.0,1.7,92.0,12.1,8.52,8.0,2366.6666666666665
86,2017-09-25,3483,19.0,28.6,0.0,1.4,79.8,12.1,13.03,3.4,3619.4444444444443
87,2017-09-26,3149,16.3,30.2,0.0,1.4,75.3,12.0,11.7,5.1,3250.0
88,2017-09-27,2875,16.3,25.1,22.9,2.3,82.1,12.0,8.45,7.9,2347.222222222222
89,2017-09-28,5138,11.7,24.0,0.0,2.9,60.4,11.9,14.97,2.9,4158.333333333333
90,2017-09-29,4256,7.9,21.2,0.0,1.3,68.3,11.9,13.03,4.0,3619.4444444444443
91,2017-09-30,4002,10.6,25.0,0.0,1.4,80.0,11.9,14.39,1.4,3997.222222222222
92,2017-10-01,1099,13.4,19.0,11.2,1.7,88.5,11.8,2.62,9.4,727.7777777777778
93,2017-10-02,4472,15.5,25.3,5.1,2.5,77.9,11.8,11.61,3.4,3225.0
94,2017-10-03,3950,13.3,20.4,0.0,2.4,58.9,11.7,10.84,4.8,3011.1111111111113
95,2017-10-04,4502,10.2,21.0,0.0,2.1,63.5,11.7,13.34,4.1,3705.5555555555557
96,2017-10-05,2957,10.5,21.9,0.0,0.9,76.4,11.7,7.36,7.5,2044.4444444444443
97,2017-10-06,2536,13.8,22.2,0.0,1.6,74.9,11.6,9.31,6.6,2586.1111111111113
98,2017-10-07,3280,12.8,25.4,0.0,1.1,82.3,11.6,10.91,3.9,3030.5555555555557
99,2017-10-08,3897,15.3,25.8,0.0,1.3,83.6,11.6,11.77,3.3,3269.4444444444443
100,2017-10-09,4212,15.3,25.8,0.0,1.2,85.8,11.5,11.93,3.8,3313.8888888888887
101,2017-10-10,1897,16.8,24.9,0.2,1.6,91.6,11.5,6.96,9.0,1933.3333333333333
102,2017-10-11,1155,13.0,20.4,8.2,2.7,84.6,11.4,4.82,9.9,1338.888888888889
103,2017-10-12,1305,5.8,14.0,0.8,1.3,80.4,11.4,4.11,6.8,1141.6666666666667
104,2017-10-13,3867,4.0,17.4,0.0,1.4,69.4,11.4,14.89,3.3,4136.111111111111
105,2017-10-14,3877,6.1,19.8,0.0,1.8,58.5,11.3,14.3,5.0,3972.222222222222
106,2017-10-15,3759,8.3,20.9,0.0,1.7,56.5,11.3,13.42,5.5,3727.777777777778
107,2017-10-16,2524,11.9,20.6,0.0,1.5,62.5,11.3,8.64,7.3,2400.0
108,2017-10-17,3847,7.7,21.9,0.0,1.7,64.0,11.2,14.89,2.6,4136.111111111111
109,2017-10-18,1223,10.9,18.7,0.0,1.7,61.9,11.2,4.78,9.1,1327.7777777777778
110,2017-10-19,3177,11.0,21.5,0.0,1.8,68.1,11.1,13.14,2.6,3650.0
111,2017-10-20,3561,9.4,22.9,0.0,1.5,71.3,11.1,14.69,0.3,4080.5555555555557
112,2017-10-21,3535,10.0,22.6,0.0,1.8,72.5,11.1,14.25,0.0,3958.3333333333335
113,2017-10-22,3742,9.3,23.1,0.0,2.8,57.4,11.0,14.18,1.0,3938.8888888888887
114,2017-10-23,3509,7.5,18.8,0.0,1.8,61.1,11.0,13.61,1.1,3780.5555555555557
115,2017-10-24,3393,6.3,19.8,0.0,1.0,76.3,10.9,12.27,2.4,3408.3333333333335
116,2017-10-25,3536,4.9,19.7,0.0,0.9,80.3,10.9,13.86,2.6,3850.0
117,2017-10-26,2403,6.4,20.3,0.0,0.8,71.8,10.9,10.04,7.9,2788.8888888888887
118,2017-10-27,3206,10.5,21.5,0.0,1.5,68.1,10.8,12.39,2.8,3441.6666666666665
119,2017-10-28,3275,11.0,23.2,0.0,1.8,72.1,10.8,13.38,0.0,3716.6666666666665
120,2017-10-29,3260,8.0,16.7,0.0,4.0,60.9,10.8,10.95,0.6,3041.6666666666665
121,2017-10-30,3703,1.9,12.2,0.0,2.1,54.8,10.7,15.12,0.0,4200.0
122,2017-10-31,3471,0.4,16.3,0.0,1.0,77.6,10.7,8.97,2.0,2491.6666666666665
123,2017-11-01,2097,8.6,17.2,0.0,1.3,85.8,10.7,2.83,0.0,786.1111111111111
124,2017-11-02,1692,9.0,18.7,0.0,1.2,88.9,10.6,4.23,0.0,1175.0
125,2017-11-03,2026,8.4,15.7,1.7,3.2,72.6,10.6,5.93,0.0,1647.2222222222222
126,2017-11-04,3051,1.2,12.6,0.0,1.9,70.0,10.6,7.28,0.0,2022.2222222222222
127,2017-11-05,3081,0.0,15.0,0.0,0.9,79.5,10.5,7.71,0.0,2141.6666666666665
128,2017-11-06,2970,2.2,16.1,0.0,0.9,83.1,10.5,12.78,0.0,3550.0
129,2017-11-07,2875,4.7,20.2,0.4,1.1,82.3,10.5,6.12,0.0,1700.0
130,2017-11-08,2872,6.5,16.8,0.0,2.6,70.8,10.4,7.24,0.0,2011.111111111111
131,2017-11-09,2884,0.9,15.8,0.0,0.8,63.5,10.4,7.63,0.0,2119.4444444444443
132,2017-11-10,1022,2.8,16.3,4.3,3.3,72.6,10.4,2.59,0.0,719.4444444444445
133,2017-11-11,3228,-0.1,10.0,0.0,2.5,62.4,10.3,8.18,0.0,2272.222222222222
134,2017-11-12,2876,-1.5,12.1,0.0,0.9,78.1,10.3,7.51,0.0,2086.1111111111113
135,2017-11-13,1246,0.7,13.6,0.0,2.0,80.1,10.3,2.78,0.0,772.2222222222222
136,2017-11-14,2626,4.0,12.7,0.0,2.9,50.4,10.3,7.31,0.0,2030.5555555555557
137,2017-11-15,1868,4.1,9.4,0.0,3.5,53.5,10.2,5.73,0.0,1591.6666666666667
138,2017-11-16,2511,-2.0,7.1,0.0,1.5,61.3,10.2,7.46,0.0,2072.222222222222
139,2017-11-17,575,-3.2,9.2,0.3,1.7,63.6,10.2,1.63,0.0,452.77777777777777
140,2017-11-18,2675,-0.6,5.1,0.0,4.2,51.5,10.1,7.96,0.0,2211.1111111111113
141,2017-11-19,2268,-3.9,4.3,0.0,1.6,61.9,10.1,5.74,0.0,1594.4444444444443
142,2017-11-20,1662,-2.3,8.1,0.2,1.6,77.5,10.1,5.38,0.0,1494.4444444444443
143,2017-11-21,2352,-4.7,8.5,0.0,1.0,71.0,10.1,7.44,0.0,2066.6666666666665
144,2017-11-22,1375,-1.0,13.0,0.9,2.7,68.4,10.0,3.94,0.0,1094.4444444444443
145,2017-11-23,1188,-3.4,7.1,2.4,2.8,67.4,10.0,4.92,0.0,1366.6666666666667
146,2017-11-24,1,-2.2,3.9,5.2,1.7,88.4,10.0,4.33,0.0,1202.7777777777778
147,2017-11-25,730,-3.2,11.9,9.3,3.4,86.3,10.0,3.83,0.0,1063.888888888889
148,2017-11-26,2068,-2.0,10.4,0.0,1.6,80.6,9.9,5.31,0.0,1475.0
149,2017-11-27,2316,-4.0,8.9,0.0,1.0,72.3,9.9,7.33,0.0,2036.111111111111
150,2017-11-28,1501,-1.4,11.7,0.0,1.2,83.4,9.9,5.32,0.0,1477.7777777777778
151,2017-11-29,2403,0.8,9.7,0.0,2.8,57.9,9.9,6.01,0.0,1669.4444444444443
152,2017-11-30,2366,-1.9,2.4,0.0,3.5,48.6,9.9,6.77,0.0,1880.5555555555557
153,2017-12-01,2321,-4.9,4.6,0.0,1.8,58.5,9.8,6.97,0.0,1936.111111111111
154,2017-12-02,1503,-4.4,7.5,0.0,1.4,74.6,9.8,4.71,0.0,1308.3333333333333
155,2017-12-03,1125,1.0,10.7,1.8,1.2,83.3,9.8,2.64,0.0,733.3333333333334
156,2017-12-04,2292,-1.4,6.6,0.0,4.0,62.4,9.8,6.26,0.0,1738.888888888889
157,2017-12-05,2157,-4.8,1.5,0.0,2.2,59.3,9.8,5.9,0.0,1638.888888888889
158,2017-12-06,0,-4.0,5.9,7.3,1.6,89.6,9.8,5.33,0.0,1480.5555555555557
159,2017-12-07,1463,0.0,6.2,1.4,2.3,69.3,9.8,4.94,0.0,1372.2222222222222
160,2017-12-08,1930,-2.2,2.0,0.1,2.8,62.6,9.7,6.5,0.0,1805.5555555555557
161,2017-12-09,1349,-2.9,5.1,0.2,0.9,76.5,9.7,4.07,0.0,1130.5555555555557
162,2017-12-10,1265,-1.4,9.9,1.1,3.4,76.3,9.7,2.46,0.0,683.3333333333334
163,2017-12-11,1282,-5.6,0.5,0.3,4.2,62.4,9.7,3.42,0.0,950.0
164,2017-12-12,2021,-8.3,-2.6,0.0,2.5,64.6,9.7,5.38,0.0,1494.4444444444443
165,2017-12-13,2243,-9.3,-1.0,0.0,1.8,66.0,9.7,6.87,0.0,1908.3333333333333
166,2017-12-14,1484,-11.0,-0.5,0.0,1.1,60.1,9.7,4.61,0.0,1280.5555555555557
167,2017-12-15,1170,-9.0,3.6,0.4,1.2,66.9,9.7,3.09,0.0,858.3333333333334
168,2017-12-16,1801,-4.2,1.0,0.0,3.3,54.4,9.7,5.04,0.0,1400.0
169,2017-12-17,2054,-7.4,-0.6,0.0,1.8,59.4,9.7,6.13,0.0,1702.7777777777778
170,2017-12-18,1339,-5.0,6.8,0.3,2.0,0.0,9.7,1.28,0.0,355.55555555555554
171,2017-12-19,2034,-5.3,2.7,0.1,2.6,60.1,9.6,5.06,0.0,1405.5555555555557
172,2017-12-20,1395,-8.7,2.9,0.2,1.7,88.9,9.7,3.73,0.0,1036.111111111111
173,2017-12-21,1953,-7.5,4.6,0.0,0.6,80.5,9.6,5.03,0.0,1397.2222222222222
174,2017-12-22,1590,-4.8,8.3,0.0,1.6,84.1,9.7,4.32,0.0,1200.0
175,2017-12-23,1487,0.1,10.2,0.0,1.2,91.4,9.6,4.15,0.0,1152.7777777777778
176,2017-12-24,295,2.0,7.0,16.2,2.9,84.8,9.7,0.9,0.0,250.0
177,2017-12-25,2284,-2.5,2.0,0.4,3.1,62.4,9.7,5.56,0.0,1544.4444444444443
178,2017-12-26,2045,-4.9,1.2,0.2,2.6,72.0,9.7,4.15,0.0,1152.7777777777778
179,2017-12-27,2266,-8.5,-1.3,0.0,1.9,51.5,9.7,5.55,0.0,1541.6666666666667
180,2017-12-28,1408,-7.8,0.0,0.0,0.5,0.0,9.7,0.15,0.0,41.666666666666664
181,2017-12-29,1475,-1.5,7.6,0.0,0.8,84.1,9.7,2.73,0.0,758.3333333333334
182,2017-12-30,1262,-1.9,5.0,5.9,1.1,90.6,9.7,2.54,0.0,705.5555555555555
183,2017-12-31,2222,-2.8,4.5,0.0,2.2,67.5,9.7,5.3,0.0,1472.2222222222222
184,2018-01-01,2048,-7.0,4.0,0.0,0.7,76.0,9.7,6.95,0.0,1930.5555555555557
185,2018-01-02,1423,0.0,0.0,0.0,0.0,0.0,9.7,2.47,0.0,686.1111111111111
186,2018-01-03,2593,0.0,-0.2,0.0,2.2,0.0,9.7,5.54,0.0,1538.888888888889
187,2018-01-04,2010,-6.9,-1.0,0.0,1.2,62.5,9.7,2.61,0.0,725.0
188,2018-01-05,2520,-6.6,2.9,0.0,1.5,72.4,9.8,4.23,0.0,1175.0
189,2018-01-06,2621,-8.2,3.2,0.0,1.3,71.3,9.8,6.22,0.0,1727.7777777777778
190,2018-01-07,1301,-7.7,2.6,0.0,0.9,64.5,9.8,2.22,0.0,616.6666666666666
191,2018-01-08,969,-1.0,4.1,2.2,2.3,76.1,9.8,2.08,0.0,577.7777777777778
192,2018-01-09,1458,-5.1,0.1,11.1,3.4,81.1,9.8,3.98,0.0,1105.5555555555557
193,2018-01-10,304,-10.7,-1.1,2.5,3.2,70.0,9.8,1.61,0.0,447.22222222222223
194,2018-01-11,1176,-9.4,-6.4,0.0,3.9,62.3,9.8,4.4,0.0,1222.2222222222222
195,2018-01-12,1707,-10.7,-4.5,0.0,1.8,65.4,9.9,6.29,0.0,1747.2222222222222
196,2018-01-13,1409,-6.9,4.4,1.0,0.7,83.4,9.9,4.62,0.0,1283.3333333333333
197,2018-01-14,2183,-8.1,5.3,0.0,1.4,77.9,9.9,5.14,0.0,1427.7777777777778
198,2018-01-15,2234,-1.7,7.5,0.0,1.5,76.9,9.9,8.87,0.0,2463.8888888888887
199,2018-01-16,678,-2.2,7.0,0.2,1.0,83.3,9.9,3.19,0.0,886.1111111111111
200,2018-01-17,1495,0.1,8.0,2.2,1.2,87.9,10.0,6.58,0.0,1827.7777777777778
201,2018-01-18,1711,-0.9,4.7,0.0,1.1,80.0,10.0,6.14,0.0,1705.5555555555557
202,2018-01-19,2599,-4.7,5.4,0.0,0.9,67.1,10.0,11.04,0.0,3066.6666666666665
203,2018-01-20,2004,-5.6,6.8,0.0,1.0,80.3,10.0,8.14,0.0,2261.1111111111113
204,2018-01-21,2338,-5.0,6.0,0.0,1.1,53.4,10.1,10.34,0.0,2872.222222222222
205,2018-01-22,1368,-2.6,7.1,1.3,2.5,64.1,10.1,5.66,0.0,1572.2222222222222
206,2018-01-23,2828,-10.3,-2.6,0.5,4.0,56.8,10.1,12.39,0.0,3441.6666666666665
207,2018-01-24,2496,-13.3,-8.6,0.0,3.6,55.5,10.1,8.93,0.0,2480.5555555555557
208,2018-01-25,3052,-13.3,-7.6,0.0,3.4,55.8,10.2,12.67,0.0,3519.4444444444443
209,2018-01-26,2516,-14.4,-8.7,0.0,3.2,59.1,10.2,11.58,0.0,3216.6666666666665
210,2018-01-27,3120,-15.9,-3.3,0.0,1.6,52.8,10.2,13.58,0.0,3772.222222222222
211,2018-01-28,2655,-8.6,0.3,0.0,2.0,56.4,10.3,11.15,0.0,3097.222222222222
212,2018-01-29,2827,-9.9,-3.9,0.0,2.3,56.1,10.3,12.39,0.0,3441.6666666666665
213,2018-01-30,2687,-12.8,0.2,0.0,1.6,81.3,10.3,10.95,0.0,3041.6666666666665
214,2018-01-31,1635,-5.9,1.3,0.0,1.1,59.1,10.4,6.47,0.0,1797.2222222222222
215,2018-02-01,3328,-8.7,1.4,0.0,1.6,53.4,10.4,14.79,0.0,4108.333333333333
216,2018-02-02,3143,-11.0,3.2,0.0,1.0,62.5,10.4,14.18,0.0,3938.8888888888887
217,2018-02-03,2842,-7.3,-1.9,0.0,5.1,53.5,10.4,13.47,0.0,3741.6666666666665
218,2018-02-04,3306,-8.9,-4.1,0.0,4.4,49.0,10.5,14.51,0.0,4030.5555555555557
219,2018-02-05,3274,-11.9,-3.9,0.0,3.7,48.6,10.5,13.9,0.0,3861.1111111111113
220,2018-02-06,3212,-9.8,-4.9,0.0,4.0,49.0,10.5,14.15,0.0,3930.5555555555557
221,2018-02-07,3499,-15.3,-0.9,0.0,1.3,59.1,10.6,15.53,0.0,4313.888888888889
222,2018-02-08,3086,-11.2,3.3,0.0,1.4,49.3,10.6,10.92,0.0,3033.3333333333335
223,2018-02-09,2214,-6.6,6.8,0.0,1.4,60.4,10.7,9.6,0.0,2666.6666666666665
224,2018-02-10,2715,-4.4,4.1,0.0,3.1,59.1,10.7,11.28,0.0,3133.3333333333335
225,2018-02-11,2653,-8.6,-0.4,5.1,3.0,68.1,10.7,10.54,0.0,2927.777777777778
226,2018-02-12,1841,-13.1,-1.9,1.7,1.7,77.9,10.8,11.56,0.0,3211.1111111111113
227,2018-02-13,2424,-13.2,3.5,0.5,2.8,76.6,10.8,13.0,0.0,3611.1111111111113
228,2018-02-14,2392,-0.4,8.9,0.0,3.1,69.4,10.8,9.18,0.0,2550.0
229,2018-02-15,3795,-6.3,2.4,0.0,2.4,49.9,10.9,15.74,0.0,4372.222222222223
230,2018-02-16,3449,-7.6,4.9,0.0,1.4,60.8,10.9,14.42,0.0,4005.5555555555557
231,2018-02-17,4015,-6.0,0.5,0.0,2.2,43.4,10.9,16.67,0.0,4630.555555555556
232,2018-02-18,2448,-5.0,4.0,0.0,1.4,40.5,11.0,9.12,0.0,2533.3333333333335
233,2018-02-19,2890,-4.6,6.3,0.0,1.5,65.6,11.0,11.57,0.0,3213.8888888888887
234,2018-02-20,3224,-5.4,5.6,0.0,1.5,58.3,11.0,13.41,0.0,3725.0
235,2018-02-21,3734,-7.1,3.0,0.0,1.9,41.5,11.1,15.97,0.0,4436.111111111111
236,2018-02-22,3239,-8.6,6.6,0.1,2.8,71.4,11.1,15.5,0.0,4305.555555555556
237,2018-02-23,2418,-0.9,9.1,0.1,3.0,86.5,11.2,9.46,0.0,2627.777777777778
238,2018-02-24,3743,-3.0,7.4,0.0,1.9,63.4,11.2,16.0,0.0,4444.444444444444
239,2018-02-25,3960,-4.1,7.4,0.0,1.6,52.0,11.2,16.43,0.0,4563.888888888889
240,2018-02-26,4154,-6.9,9.3,0.0,1.0,60.0,11.3,18.77,0.0,5213.888888888889
241,2018-02-27,1299,-4.7,9.1,0.0,1.2,67.3,11.3,7.66,0.0,2127.777777777778
242,2018-02-28,328,1.8,8.4,33.0,3.1,77.4,11.3,1.46,0.0,405.55555555555554
243,2018-03-01,3941,-2.7,4.5,1.8,5.1,69.5,11.4,17.11,0.0,4752.777777777777
244,2018-03-02,4722,-7.2,6.5,0.0,1.5,53.4,11.4,19.75,0.0,5486.111111111111
245,2018-03-03,4506,-2.3,14.6,0.0,1.5,55.6,11.5,17.7,0.0,4916.666666666667
246,2018-03-04,1950,7.4,15.0,21.4,1.9,87.3,11.5,7.69,0.0,2136.1111111111113
247,2018-03-05,2829,2.3,9.9,8.9,3.7,76.5,11.5,10.84,0.0,3011.1111111111113
248,2018-03-06,4781,-1.2,9.7,0.0,2.0,64.5,11.6,19.93,0.0,5536.111111111111
249,2018-03-07,3346,-0.7,11.3,3.7,1.4,68.9,11.6,11.22,0.0,3116.6666666666665
250,2018-03-08,3331,-0.1,6.8,7.2,2.9,87.3,11.7,10.78,0.0,2994.4444444444443
251,2018-03-09,4395,-0.8,8.5,0.0,1.5,77.1,11.7,15.77,0.0,4380.555555555556
252,2018-03-10,4871,-3.0,8.1,0.0,1.8,83.9,11.7,19.17,0.0,5325.0
253,2018-03-11,4902,0.4,11.4,0.0,1.4,84.5,11.8,18.74,0.0,5205.555555555556
254,2018-03-12,4340,-2.3,13.7,0.0,1.8,77.9,11.8,17.62,0.0,4894.444444444444
255,2018-03-13,4399,3.3,14.9,0.0,2.9,71.8,11.8,8.72,0.0,2422.222222222222
256,2018-03-14,5091,10.1,20.5,0.6,2.8,72.6,11.9,17.84,0.0,4955.555555555556
257,2018-03-15,15,6.1,13.9,15.2,2.4,95.9,11.9,1.79,0.0,497.22222222222223
258,2018-03-16,3894,1.3,11.6,0.0,2.5,66.1,12.0,19.44,0.0,5400.0
259,2018-03-17,5285,-1.4,12.3,0.0,1.3,72.5,12.0,21.09,0.0,5858.333333333333
260,2018-03-18,1908,2.0,11.1,4.1,1.2,80.6,12.1,6.09,0.0,1691.6666666666667
261,2018-03-19,1218,6.2,10.0,7.1,3.7,88.0,12.1,3.62,0.0,1005.5555555555555
262,2018-03-20,3972,2.7,10.5,0.0,4.4,49.3,12.1,15.39,0.0,4275.0
263,2018-03-21,1068,0.3,2.7,6.5,3.1,83.3,12.2,3.54,0.0,983.3333333333334
264,2018-03-22,5671,-0.8,10.7,0.1,1.7,78.6,12.2,22.38,0.0,6216.666666666667
265,2018-03-23,5434,-2.7,11.6,0.0,1.3,81.4,12.2,21.1,0.0,5861.111111111111
266,2018-03-24,4343,0.2,11.6,0.0,2.1,87.9,12.3,15.56,0.0,4322.222222222223
267,2018-03-25,4340,2.7,13.4,0.0,2.0,93.9,12.3,16.87,0.0,4686.111111111111
268,2018-03-26,4625,2.9,16.7,0.0,1.8,88.3,12.4,18.06,0.0,5016.666666666667
269,2018-03-27,4769,3.3,17.3,0.0,2.5,80.8,12.4,19.11,0.0,5308.333333333333
270,2018-03-28,4819,5.9,18.2,0.0,3.2,83.0,12.4,19.9,0.0,5527.777777777777
271,2018-03-29,2784,8.9,19.2,0.0,1.5,85.5,12.5,10.21,0.0,2836.1111111111113
272,2018-03-30,4387,4.0,19.0,0.0,1.5,79.1,12.5,18.61,0.0,5169.444444444444
273,2018-03-31,5030,5.3,19.7,0.0,1.7,67.9,12.6,20.6,0.0,5722.222222222223
274,2018-04-01,1486,7.7,16.7,0.0,2.1,85.5,12.6,4.67,0.0,1297.2222222222222
275,2018-04-02,5171,9.3,21.9,0.0,2.7,78.4,12.6,21.59,0.0,5997.222222222223
276,2018-04-03,3527,11.9,21.5,0.0,2.2,84.4,12.7,11.98,0.0,3327.777777777778
277,2018-04-04,2483,8.8,15.0,7.9,3.0,84.4,12.7,12.13,0.0,3369.4444444444443
278,2018-04-05,911,8.4,10.6,23.3,1.5,97.0,12.7,2.81,0.0,780.5555555555555
279,2018-04-06,3615,3.4,9.7,9.7,4.6,73.9,12.8,15.64,0.0,4344.444444444444
280,2018-04-07,5232,1.6,8.9,0.0,5.7,49.6,12.8,24.24,0.0,6733.333333333333
281,2018-04-08,2972,-1.9,11.7,0.0,4.1,72.5,12.9,16.83,0.0,4675.0
282,2018-04-09,4678,3.0,16.3,0.0,1.5,70.9,12.9,23.66,0.0,6572.222222222223
283,2018-04-10,4293,4.0,20.7,2.4,5.4,73.3,12.9,17.34,0.0,4816.666666666667
284,2018-04-11,5570,7.3,17.4,0.0,2.9,64.3,13.0,25.78,0.0,7161.111111111111
285,2018-04-12,5286,3.9,19.8,0.0,1.8,56.9,13.0,25.24,0.0,7011.111111111111
286,2018-04-13,2644,2.9,18.7,0.1,1.7,44.3,13.0,11.32,0.0,3144.4444444444443
287,2018-04-14,937,6.4,12.5,17.8,2.9,87.6,13.1,3.53,0.0,980.5555555555555
288,2018-04-15,5117,3.2,13.8,0.0,2.0,79.0,13.1,23.61,0.0,6558.333333333333
289,2018-04-16,5268,0.8,17.3,0.0,1.6,62.9,13.2,24.98,0.0,6938.888888888889
290,2018-04-17,5474,3.7,19.1,0.0,1.4,58.3,13.2,23.53,0.0,6536.111111111111
291,2018-04-18,6716,1.5,17.9,0.0,1.5,58.5,13.2,26.75,0.0,7430.555555555556
292,2018-04-19,6216,1.6,19.0,0.0,1.7,59.6,13.3,25.18,0.0,6994.444444444444
293,2018-04-20,6166,6.2,25.0,0.0,1.0,63.0,13.3,25.08,0.0,6966.666666666667
294,2018-04-21,6834,6.5,23.4,0.0,1.9,62.8,13.3,27.65,0.0,7680.555555555556
295,2018-04-22,1550,11.3,17.7,2.7,2.1,80.0,13.4,4.53,0.0,1258.3333333333333
296,2018-04-23,481,10.6,14.7,67.7,4.0,97.0,13.4,2.35,0.0,652.7777777777778
297,2018-04-24,2441,9.6,15.2,1.2,3.2,74.5,13.5,10.16,0.0,2822.222222222222
298,2018-04-25,6504,6.6,21.4,0.0,2.0,50.4,13.5,27.18,0.0,7550.0
299,2018-04-26,6189,6.1,20.2,0.0,1.6,71.5,13.5,24.46,0.0,6794.444444444444
300,2018-04-27,5746,6.4,20.8,0.0,1.7,77.4,13.6,24.46,0.0,6794.444444444444
301,2018-04-28,6966,8.1,19.1,0.0,1.7,71.6,13.6,28.25,0.0,7847.222222222223
302,2018-04-29,6554,5.3,21.0,0.0,1.8,70.3,13.6,26.86,0.0,7461.111111111111
303,2018-04-30,5412,10.7,22.0,0.0,1.6,81.6,13.7,18.0,0.0,5000.0
304,2018-05-01,3258,16.8,22.5,0.1,1.6,84.9,13.7,11.14,0.0,3094.4444444444443
305,2018-05-02,1781,9.5,19.8,4.9,2.9,91.3,13.7,7.33,0.0,2036.111111111111
306,2018-05-03,5905,7.3,15.7,0.0,4.3,63.6,13.8,26.58,0.0,7383.333333333333
307,2018-05-04,6207,7.2,19.8,0.0,5.0,49.0,13.8,29.04,0.0,8066.666666666667
308,2018-05-05,4985,11.5,22.3,0.0,4.5,62.5,13.8,24.57,0.0,6825.0
309,2018-05-06,1288,14.0,17.2,34.6,2.0,95.9,13.9,4.85,0.0,1347.2222222222222
310,2018-05-07,4072,13.3,24.3,0.0,1.5,75.6,13.9,17.45,0.0,4847.222222222223
311,2018-05-08,4840,11.9,23.0,0.0,2.7,64.8,13.9,25.36,0.0,7044.444444444444
312,2018-05-09,5880,10.0,21.1,0.0,2.0,61.0,14.0,28.37,0.0,7880.555555555556
313,2018-05-10,6089,7.8,18.5,0.0,2.0,85.4,14.0,25.59,0.0,7108.333333333333
314,2018-05-11,4097,9.9,21.5,0.0,1.5,72.3,14.0,20.31,0.0,5641.666666666667
315,2018-05-12,447,11.3,16.5,54.1,3.1,93.9,14.0,1.81,0.0,502.77777777777777
316,2018-05-13,3948,11.1,18.5,0.0,1.8,90.6,14.1,15.71,0.0,4363.888888888889
317,2018-05-14,5750,10.6,23.7,0.0,1.8,80.3,14.1,23.48,0.0,6522.222222222223
318,2018-05-15,5059,13.1,27.1,0.0,1.4,72.6,14.1,18.87,0.0,5241.666666666667
319,2018-05-16,1036,19.9,24.6,4.1,4.2,94.1,14.2,1.82,0.0,505.55555555555554
320,2018-05-17,1509,18.1,23.3,27.3,3.0,97.4,14.2,4.39,0.0,1219.4444444444443
321,2018-05-18,1345,14.4,18.2,2.0,2.6,95.4,14.2,5.96,0.0,1655.5555555555557
322,2018-05-19,7345,11.9,23.5,0.0,2.9,62.0,14.2,30.11,0.0,8363.888888888889
323,2018-05-20,4242,12.4,22.2,0.0,2.7,41.8,14.3,18.15,0.0,5041.666666666667
324,2018-05-21,6397,12.5,22.1,0.0,2.0,60.0,14.3,24.7,0.0,6861.111111111111
325,2018-05-22,3117,13.0,22.6,13.1,1.1,83.8,14.3,10.63,0.0,2952.777777777778
326,2018-05-23,7760,10.4,21.1,6.6,2.4,70.0,14.3,30.73,0.0,8536.111111111111
327,2018-05-24,4154,9.1,23.0,0.0,2.6,62.9,14.3,28.86,0.0,8016.666666666667
328,2018-05-25,2688,9.6,24.3,0.0,1.3,57.4,14.4,24.6,0.0,6833.333333333333
329,2018-05-26,3126,12.1,27.9,0.0,1.6,58.5,14.4,29.61,0.0,8225.0
330,2018-05-27,1503,13.6,22.5,0.0,0.9,66.1,14.4,10.84,0.0,3011.1111111111113
331,2018-05-28,3017,11.7,28.5,0.0,1.7,60.1,14.4,28.92,0.0,8033.333333333333
332,2018-05-29,1777,17.9,25.1,0.9,1.8,79.5,14.5,18.83,0.0,5230.555555555556
333,2018-05-30,2368,14.4,25.0,0.0,1.9,84.9,14.5,23.04,0.0,6400.0
334,2018-05-31,3234,11.9,24.9,0.0,1.5,72.9,14.5,29.62,0.0,8227.777777777777
335,2018-06-01,3236,14.2,29.7,0.0,1.4,62.3,14.5,30.16,0.0,8377.777777777777
336,2018-06-02,3262,13.2,30.1,0.0,1.3,56.9,14.5,29.77,0.0,8269.444444444445
337,2018-06-03,3103,14.2,30.5,0.0,1.4,52.3,14.5,27.11,0.0,7530.555555555556
338,2018-06-04,2303,15.5,25.9,0.0,1.8,74.9,14.6,20.54,0.0,5705.555555555556
339,2018-06-05,1433,16.9,28.1,0.0,1.4,63.4,14.6,29.04,0.0,8066.666666666667
340,2018-06-06,0,17.0,26.3,0.0,1.4,84.4,14.6,22.17,0.0,6158.333333333333
341,2018-06-07,0,17.1,27.9,0.0,1.6,83.4,14.6,21.8,0.0,6055.555555555556
342,2018-06-08,0,17.2,25.0,0.0,1.4,80.6,14.6,14.2,0.0,3944.4444444444443
343,2018-06-09,0,16.2,28.0,12.2,1.6,83.5,14.6,15.26,0.0,4238.888888888889
344,2018-06-10,0,16.9,25.7,2.8,1.8,73.3,14.6,13.56,0.0,3766.6666666666665
345,2018-06-11,0,17.4,23.4,0.0,1.8,77.1,14.6,11.75,0.0,3263.8888888888887
346,2018-06-12,0,16.7,25.6,0.0,1.6,76.5,14.6,23.33,0.0,6480.555555555556
347,2018-06-13,0,14.8,24.6,0.0,1.9,80.1,14.7,17.79,0.0,4941.666666666667
348,2018-06-14,0,18.3,26.4,2.7,1.5,81.6,14.7,14.92,0.0,4144.444444444444
349,2018-06-15,209,18.4,26.8,0.0,2.2,62.4,14.7,25.2,0.0,7000.0
350,2018-06-16,3476,16.0,28.2,0.0,1.6,65.4,14.7,29.32,0.0,8144.444444444444
351,2018-06-17,1368,15.3,26.9,0.0,1.3,76.8,14.7,19.57,0.0,5436.111111111111
352,2018-06-18,2031,17.4,29.3,0.0,1.4,71.1,14.7,26.72,0.0,7422.222222222223
353,2018-06-19,1280,16.8,23.0,0.0,1.3,86.1,14.7,10.9,0.0,3027.777777777778
354,2018-06-20,4366,18.3,28.2,0.0,1.6,79.8,14.7,27.0,0.0,7500.0
355,2018-06-21,4554,18.6,29.1,0.0,1.8,72.4,14.7,28.22,0.0,7838.888888888889
356,2018-06-22,4625,17.4,30.1,0.0,1.6,60.8,14.7,27.71,0.0,7697.222222222223
357,2018-06-23,4210,19.2,26.6,0.0,2.3,71.8,14.7,24.81,0.0,6891.666666666667
358,2018-06-24,4483,19.2,29.0,0.0,2.1,79.9,14.7,27.81,0.0,7725.0
359,2018-06-25,4549,18.7,32.4,0.0,1.0,68.0,14.7,19.67,0.0,5463.888888888889
360,2018-06-26,570,20.1,23.7,139.3,3.7,96.8,14.7,0.98,0.0,272.22222222222223
361,2018-06-27,5652,18.8,26.3,0.2,2.6,91.9,14.7,22.21,0.0,6169.444444444444
362,2018-06-28,1870,21.3,24.1,4.5,2.6,98.0,14.7,3.67,0.0,1019.4444444444445
363,2018-06-29,6332,20.0,26.8,0.4,1.9,90.5,14.7,18.2,0.0,5055.555555555556
364,2018-06-30,3809,19.6,28.4,0.2,1.1,86.3,14.7,13.54,0.0,3761.1111111111113
365,2018-07-01,330,20.3,23.5,97.2,2.1,97.6,14.6,1.64,0.0,455.55555555555554
366,2018-07-02,2529,20.3,28.2,39.0,2.2,93.3,14.6,13.63,0.0,3786.1111111111113
367,2018-07-03,5985,23.1,31.9,2.9,2.2,82.0,14.6,25.99,0.0,7219.444444444444
368,2018-07-04,7134,22.2,29.5,0.0,2.0,88.4,14.6,21.27,0.0,5908.333333333333
369,2018-07-05,5272,22.8,29.2,0.5,1.4,90.0,14.6,14.58,0.0,4050.0
370,2018-07-06,4559,22.2,27.6,0.0,2.7,70.3,14.6,15.58,0.0,4327.777777777777
371,2018-07-07,6559,19.8,28.9,0.0,2.4,64.9,14.6,27.05,0.0,7513.888888888889
372,2018-07-08,6801,18.3,27.4,0.0,1.7,69.4,14.6,19.73,0.0,5480.555555555556
373,2018-07-09,867,19.9,22.2,12.9,1.4,96.8,14.6,3.75,0.0,1041.6666666666667
374,2018-07-10,2044,21.2,28.1,0.1,1.6,87.8,14.5,10.54,0.0,2927.777777777778
375,2018-07-11,4902,24.3,31.1,0.3,1.7,86.9,14.5,18.95,0.0,5263.888888888889
376,2018-07-12,4894,23.8,29.3,0.0,1.9,90.5,14.5,14.73,0.0,4091.6666666666665
377,2018-07-13,5169,23.4,29.5,0.0,2.3,89.1,14.5,17.45,0.0,4847.222222222223
378,2018-07-14,6098,23.5,30.0,0.0,2.2,86.3,14.5,23.18,0.0,6438.888888888889
379,2018-07-15,7178,22.1,32.0,0.0,1.4,83.5,14.4,27.71,0.0,7697.222222222223
380,2018-07-16,7034,20.9,32.1,0.0,1.1,78.0,14.4,28.47,0.0,7908.333333333333
381,2018-07-17,7018,21.2,31.4,0.0,1.2,83.9,14.4,27.52,4.0,7644.444444444444
382,2018-07-18,6780,21.4,32.4,0.0,1.3,78.3,14.4,26.14,0.0,7261.111111111111
383,2018-07-19,7071,21.2,32.0,0.0,1.5,78.4,14.4,28.3,0.0,7861.111111111111
384,2018-07-20,6871,21.7,33.5,0.0,1.5,75.1,14.3,27.81,0.0,7725.0
385,2018-07-21,6788,21.8,36.0,0.0,1.5,62.6,14.3,26.79,0.0,7441.666666666667
386,2018-07-22,5961,23.3,36.2,0.0,1.3,66.9,14.3,22.03,0.0,6119.444444444444
387,2018-07-23,6544,24.8,34.8,0.0,1.4,74.1,14.3,25.11,0.0,6975.0
388,2018-07-24,6012,23.8,32.6,0.0,1.1,0.0,14.3,8.04,0.0,2233.333333333333
389,2018-07-25,6082,26.4,32.0,0.0,3.0,80.1,14.2,24.15,0.0,6708.333333333333
390,2018-07-26,1402,25.4,33.0,0.0,1.6,82.5,14.2,22.73,0.0,6313.888888888889
391,2018-07-27,6194,25.4,34.9,0.0,1.4,82.0,14.2,20.92,0.0,5811.111111111111
392,2018-07-28,5641,24.2,34.9,0.0,1.3,83.1,14.2,22.76,0.0,6322.222222222223
393,2018-07-29,6277,26.0,35.4,0.0,2.3,62.1,14.1,26.45,0.0,7347.222222222223
394,2018-07-30,5253,25.1,36.5,0.0,2.0,60.4,14.1,26.97,0.0,7491.666666666667
395,2018-07-31,6417,25.4,36.5,0.0,2.0,61.6,14.1,27.27,0.0,7575.0
396,2018-08-01,6513,25.6,37.1,0.0,1.9,66.4,14.0,26.36,1.1,7322.222222222223
397,2018-08-02,6283,25.1,36.8,0.0,1.7,65.9,14.0,25.49,2.5,7080.555555555556
398,2018-08-03,6316,25.8,36.2,0.0,1.5,71.8,14.0,25.59,3.4,7108.333333333333
399,2018-08-04,4467,24.8,33.3,0.0,1.7,77.0,13.9,27.01,3.4,7502.777777777777
400,2018-08-05,5763,25.5,34.0,0.0,1.8,79.4,13.9,20.88,4.0,5800.0
401,2018-08-06,6468,25.6,33.8,0.0,1.5,79.5,13.9,20.5,4.6,5694.444444444444
402,2018-08-07,6283,25.5,34.7,0.0,1.6,77.1,13.9,21.15,3.6,5875.0
403,2018-08-08,6548,24.3,35.2,0.0,1.5,76.5,13.8,25.8,2.8,7166.666666666667
404,2018-08-09,4225,24.4,32.0,2.6,1.4,89.3,13.8,16.0,5.8,4444.444444444444
405,2018-08-10,6101,25.0,34.6,0.0,1.6,79.4,13.8,22.54,3.4,6261.111111111111
406,2018-08-11,6425,24.7,34.9,0.0,1.5,73.6,13.7,21.94,5.5,6094.444444444444
407,2018-08-12,5649,25.3,34.4,0.0,1.2,72.4,13.7,18.48,6.9,5133.333333333333
408,2018-08-13,4666,25.1,35.6,0.0,1.5,72.6,13.7,23.55,5.8,6541.666666666667
409,2018-08-14,5516,25.4,36.0,0.0,1.5,68.1,13.6,23.31,6.3,6475.0
410,2018-08-15,5863,25.1,37.0,0.0,1.6,71.4,13.6,21.81,4.0,6058.333333333333
411,2018-08-16,5723,25.1,36.5,0.0,2.3,61.9,13.6,23.45,4.9,6513.888888888889
412,2018-08-17,6458,22.2,32.7,0.0,3.0,49.4,13.5,26.9,0.9,7472.222222222223
413,2018-08-18,5852,20.4,31.4,0.0,2.0,55.5,13.5,24.59,4.8,6830.555555555556
414,2018-08-19,5144,19.9,31.7,0.0,1.2,72.0,13.5,18.96,6.6,5266.666666666667
415,2018-08-20,4419,20.7,31.7,0.0,3.1,71.3,13.4,19.95,6.0,5541.666666666667
416,2018-08-21,2821,22.6,29.9,15.5,2.4,88.5,13.4,9.42,7.1,2616.6666666666665
417,2018-08-22,5461,22.6,36.5,0.0,2.2,70.9,13.3,25.43,4.4,7063.888888888889
418,2018-08-23,1693,24.5,32.7,9.9,2.8,72.9,13.3,7.96,9.9,2211.1111111111113
419,2018-08-24,2550,22.6,26.7,10.8,3.4,92.8,13.3,8.24,5.4,2288.8888888888887
420,2018-08-25,3422,19.7,26.9,0.0,1.4,87.6,13.2,10.51,7.6,2919.4444444444443
421,2018-08-26,1679,19.1,23.4,11.4,1.7,92.0,13.2,8.16,8.8,2266.6666666666665
422,2018-08-27,1284,19.7,26.9,65.8,1.5,95.8,13.2,8.37,8.5,2324.9999999999995
423,2018-08-28,1854,23.7,27.1,20.2,2.2,97.3,13.1,6.8,9.3,1888.888888888889
424,2018-08-29,4152,24.5,28.5,0.0,3.8,88.8,13.1,14.33,8.4,3980.5555555555557
425,2018-08-30,3919,24.1,30.2,7.5,2.5,92.1,13.1,16.77,7.6,4658.333333333333
426,2018-08-31,4648,19.6,27.0,13.1,1.2,88.8,13.0,14.56,7.1,4044.4444444444443
427,2018-09-01,6032,18.6,30.0,0.0,1.8,71.6,13.0,24.43,2.5,6786.111111111111
428,2018-09-02,5019,19.6,29.8,0.0,1.6,69.8,13.0,20.19,5.1,5608.333333333333
429,2018-09-03,2411,22.3,28.0,25.2,1.5,90.9,12.9,8.72,9.1,2422.222222222222
430,2018-09-04,5995,18.9,26.8,0.0,2.5,79.8,12.9,24.11,2.6,6697.222222222223
431,2018-09-05,5962,16.6,28.0,0.0,1.7,77.5,12.8,23.05,0.8,6402.777777777777
432,2018-09-06,3623,18.1,27.7,0.0,2.5,86.8,12.8,11.92,7.3,3311.1111111111113
433,2018-09-07,4282,15.1,24.5,6.2,2.3,76.1,12.8,17.2,7.1,4777.777777777777
434,2018-09-08,5900,12.6,26.2,0.0,1.6,73.1,12.7,24.21,0.0,6725.0
435,2018-09-09,5860,13.3,26.0,0.0,1.3,74.0,12.7,24.06,0.8,6683.333333333333
436,2018-09-10,4236,15.1,27.1,0.0,1.8,65.6,12.6,23.34,1.5,6483.333333333333
437,2018-09-11,4471,15.3,24.5,0.0,1.7,62.4,12.6,17.78,5.5,4938.888888888889
438,2018-09-12,5556,15.7,27.3,0.0,1.5,67.9,12.6,23.09,3.8,6413.888888888889
439,2018-09-13,3392,19.0,26.5,0.0,1.5,78.5,12.5,11.5,8.9,3194.4444444444443
440,2018-09-14,1971,19.7,24.9,3.9,2.1,85.8,12.5,7.67,8.5,2130.5555555555557
441,2018-09-15,980,20.2,23.6,3.7,1.4,94.6,12.4,6.08,9.3,1688.888888888889
442,2018-09-16,1864,19.4,23.7,0.5,0.9,91.5,12.4,6.06,9.8,1683.3333333333333
443,2018-09-17,5419,15.4,25.9,0.1,1.1,79.4,12.4,22.54,4.4,6261.111111111111
444,2018-09-18,4549,13.6,27.5,0.0,1.0,74.4,12.3,18.99,6.9,5275.0
445,2018-09-19,2284,15.8,24.1,0.0,0.7,77.8,12.3,7.01,9.5,1947.2222222222222
446,2018-09-20,456,17.9,21.2,2.0,2.2,87.5,12.3,6.15,10.0,1708.3333333333333
447,2018-09-21,815,16.3,21.5,40.2,1.5,93.6,12.2,6.71,8.9,1863.888888888889
448,2018-09-22,5035,14.7,26.2,0.1,1.4,77.4,12.2,21.24,2.3,5900.0
449,2018-09-23,3988,13.3,25.1,0.8,1.7,75.4,12.1,15.96,4.5,4433.333333333333
450,2018-09-24,5192,10.8,22.2,0.0,1.6,73.3,12.1,21.57,1.6,5991.666666666667
451,2018-09-25,4735,8.8,23.0,0.0,1.3,67.1,12.1,21.59,2.8,5997.222222222223
452,2018-09-26,4162,14.6,23.8,0.0,2.1,65.0,12.0,18.6,4.5,5166.666666666667
453,2018-09-27,3765,11.8,23.8,0.0,1.7,66.0,12.0,21.09,0.1,5858.333333333333
454,2018-09-28,2137,11.8,21.5,0.0,1.0,73.6,12.0,8.35,7.1,2319.4444444444443
455,2018-09-29,4615,12.1,25.9,0.0,1.2,72.4,11.9,20.4,0.8,5666.666666666667
456,2018-09-30,4374,13.0,21.2,0.0,3.1,65.1,11.9,19.4,1.1,5388.888888888889
457,2018-10-01,2832,10.0,19.7,5.2,2.4,76.0,11.8,12.02,7.3,3338.8888888888887
458,2018-10-02,4507,9.1,21.0,0.0,0.9,79.4,11.8,14.73,1.9,4091.6666666666665
459,2018-10-03,4647,7.9,23.3,0.0,0.9,72.3,11.7,20.25,0.9,5625.0
460,2018-10-04,4393,10.3,24.9,0.0,1.7,67.1,11.7,18.5,5.4,5138.888888888889
461,2018-10-05,727,15.2,18.9,32.9,2.6,92.0,11.7,2.74,9.9,761.1111111111111
462,2018-10-06,1565,13.7,22.6,94.6,3.7,90.9,11.6,7.0,6.3,1944.4444444444443
463,2018-10-07,4503,10.6,21.0,0.0,1.7,70.6,11.6,18.95,2.0,5263.888888888889
464,2018-10-08,3646,7.0,20.6,0.0,1.1,70.5,11.6,16.26,3.1,4516.666666666667
465,2018-10-09,2319,7.7,20.7,0.0,1.3,65.0,11.5,11.02,8.4,3061.1111111111113
466,2018-10-10,3723,7.5,16.9,4.4,3.7,59.4,11.5,14.31,6.0,3975.0
467,2018-10-11,3872,5.5,15.6,0.0,2.2,61.1,11.5,17.7,7.0,4916.666666666667
468,2018-10-12,4432,3.6,17.2,0.0,1.1,74.4,11.4,18.7,0.1,5194.444444444444
469,2018-10-13,4001,3.6,19.0,0.0,1.0,70.9,11.4,18.23,1.3,5063.888888888889
470,2018-10-14,3860,4.7,19.5,0.0,0.9,73.1,11.3,15.65,6.4,4347.222222222223
471,2018-10-15,3442,7.2,21.6,0.0,0.9,82.9,11.3,14.54,4.1,4038.8888888888887
472,2018-10-16,3026,8.1,20.4,0.0,1.1,75.6,11.3,12.41,5.9,3447.222222222222
473,2018-10-17,4052,5.1,18.8,0.0,1.2,74.9,11.2,17.35,0.6,4819.444444444444
474,2018-10-18,2730,4.5,18.0,2.8,1.6,79.1,11.2,15.46,3.1,4294.444444444444
475,2018-10-19,4028,6.3,18.6,0.0,1.5,72.0,11.1,17.56,0.5,4877.777777777777
476,2018-10-20,3939,4.7,21.2,0.0,0.8,72.5,11.1,17.25,2.3,4791.666666666667
477,2018-10-21,3670,4.7,20.7,0.0,1.0,70.6,11.1,16.76,1.5,4655.555555555556
478,2018-10-22,2724,7.1,19.6,0.0,0.7,77.3,11.0,11.15,6.6,3097.222222222222
479,2018-10-23,2164,6.5,18.1,3.1,1.5,86.8,11.0,9.53,5.1,2647.222222222222
480,2018-10-24,3796,4.7,19.6,0.0,0.9,78.3,11.0,14.63,1.6,4063.8888888888887
481,2018-10-25,3324,4.8,20.6,0.0,1.1,69.5,10.9,15.38,3.5,4272.222222222223
482,2018-10-26,966,9.2,15.9,7.2,3.0,77.6,10.9,4.44,8.0,1233.3333333333333
483,2018-10-27,2455,7.2,13.8,1.1,3.7,59.1,10.9,12.89,4.6,3580.5555555555557
484,2018-10-28,2337,6.0,17.8,1.7,3.0,71.5,10.8,8.06,6.8,2238.888888888889
485,2018-10-29,2204,3.1,14.0,0.1,2.2,71.4,10.8,9.89,6.0,2747.222222222222
486,2018-10-30,3503,0.1,12.2,0.0,1.3,71.3,10.8,13.28,3.4,3688.8888888888887
487,2018-10-31,3623,2.0,12.6,0.1,1.7,71.8,10.7,15.15,2.4,4208.333333333333
488,2018-11-01,3545,-0.2,15.7,0.0,1.1,75.6,10.7,15.3,0.3,4250.0
489,2018-11-02,3262,2.3,18.8,0.0,0.8,76.0,10.7,14.85,1.3,4125.0
490,2018-11-03,3265,2.5,19.5,0.0,0.9,77.1,10.6,14.72,2.0,4088.8888888888887
491,2018-11-04,3283,2.8,18.8,0.0,1.1,75.5,10.6,14.43,4.4,4008.3333333333335
492,2018-11-05,2812,3.9,17.6,0.0,0.7,85.3,10.6,11.33,5.0,3147.222222222222
493,2018-11-06,1768,5.6,17.5,0.0,0.8,89.8,10.5,7.64,7.6,2122.222222222222
494,2018-11-07,1443,10.9,15.6,1.7,0.8,85.5,10.5,5.74,9.9,1594.4444444444443
495,2018-11-08,54,12.2,16.8,54.7,3.0,95.4,10.5,0.61,8.4,169.44444444444446
496,2018-11-09,2610,5.9,15.0,0.5,3.0,76.6,10.4,7.3,4.8,2027.7777777777778
497,2018-11-10,2725,5.2,17.4,0.0,1.0,84.4,10.4,12.06,1.6,3350.0
498,2018-11-11,922,3.1,11.7,0.8,0.7,91.1,10.4,3.12,6.4,866.6666666666666
499,2018-11-12,3062,2.5,13.7,0.0,1.4,73.9,10.3,13.69,1.6,3802.777777777778
500,2018-11-13,2928,0.9,14.7,0.0,1.0,76.5,10.3,12.47,0.0,3463.8888888888887
501,2018-11-14,2659,0.7,15.5,0.0,1.0,78.9,10.3,11.53,0.5,3202.777777777778
502,2018-11-15,2293,2.6,16.4,0.0,0.8,76.1,10.2,10.61,4.9,2947.222222222222
503,2018-11-16,1840,4.3,14.9,0.0,1.3,78.9,10.2,7.7,7.9,2138.8888888888887
504,2018-11-17,2489,-0.6,11.3,0.0,1.3,62.8,10.2,11.65,4.8,3236.1111111111113
505,2018-11-18,1963,0.0,11.0,0.0,0.5,76.0,10.1,5.5,9.3,1527.7777777777778
506,2018-11-19,1913,1.2,13.3,0.0,1.0,76.6,10.1,7.32,3.0,2033.3333333333333
507,2018-11-20,2695,-1.7,12.5,0.0,1.1,64.6,10.1,12.58,1.3,3494.4444444444443
508,2018-11-21,457,0.3,8.0,7.6,1.6,88.0,10.1,2.1,8.9,583.3333333333334
509,2018-11-22,2549,-0.4,8.2,0.0,1.6,57.9,10.0,10.89,1.4,3025.0
510,2018-11-23,2488,-2.9,7.3,0.0,1.3,51.3,10.0,11.27,3.8,3130.5555555555557
511,2018-11-24,1875,-0.1,11.7,8.6,1.9,77.0,10.0,6.79,6.8,1886.111111111111
512,2018-11-25,2077,1.8,11.3,0.0,1.0,85.0,10.0,7.8,6.1,2166.6666666666665
513,2018-11-26,2473,0.4,14.1,0.0,0.8,81.4,9.9,11.13,0.0,3091.6666666666665
514,2018-11-27,1153,0.4,12.7,0.0,1.3,78.9,9.9,6.16,5.3,1711.111111111111
515,2018-11-28,2118,0.3,10.5,0.0,1.8,38.1,9.9,9.72,3.9,2700.0
516,2018-11-29,771,-0.6,8.4,0.0,1.0,53.8,9.9,3.33,4.9,925.0
517,2018-11-30,2418,-2.0,9.2,0.0,0.9,66.5,9.9,11.77,1.3,3269.4444444444443
518,2018-12-01,1848,-1.1,11.2,0.0,1.0,72.0,9.8,7.71,7.6,2141.6666666666665
519,2018-12-02,1514,0.2,16.4,0.3,1.2,64.9,9.8,7.01,7.5,1947.2222222222222
520,2018-12-03,259,10.0,14.4,14.2,1.7,94.3,9.8,1.23,8.6,341.6666666666667
521,2018-12-04,955,2.4,11.3,7.1,3.1,73.9,9.8,4.23,7.4,1175.0
522,2018-12-05,1985,-1.4,4.0,0.0,2.4,51.3,9.8,8.07,6.3,2241.6666666666665
523,2018-12-06,2145,0.3,7.4,2.1,2.4,67.5,9.8,7.98,8.8,2216.6666666666665
524,2018-12-07,1961,-4.8,1.4,0.0,4.8,56.9,9.8,8.47,8.8,2352.777777777778
525,2018-12-08,2198,-8.4,-3.0,0.7,2.8,65.0,9.7,10.04,7.1,2788.8888888888887
526,2018-12-09,2480,-9.1,-1.6,0.0,2.1,50.1,9.7,11.33,4.1,3147.222222222222
527,2018-12-10,2252,-6.7,3.5,0.0,1.6,43.9,9.7,11.03,4.9,3063.8888888888887
528,2018-12-11,979,-2.0,4.0,0.0,1.3,59.8,9.7,4.73,8.5,1313.888888888889
529,2018-12-12,2377,-6.5,2.8,0.0,2.1,60.0,9.7,11.27,0.4,3130.5555555555557
530,2018-12-13,896,-5.3,5.4,0.2,2.5,71.4,9.7,6.98,7.1,1938.888888888889
531,2018-12-14,2396,-6.9,1.8,0.0,1.2,66.3,9.7,10.76,0.9,2988.8888888888887
532,2018-12-15,2030,-8.8,4.9,0.0,0.8,55.9,9.7,10.69,4.4,2969.4444444444443
533,2018-12-16,1042,-5.1,4.2,1.5,1.0,75.5,9.7,4.38,7.9,1216.6666666666667
534,2018-12-17,2005,-2.1,7.9,0.2,1.8,63.9,9.7,9.29,4.3,2580.5555555555557
535,2018-12-18,1880,-4.0,8.9,0.0,1.3,70.4,9.7,7.86,4.4,2183.3333333333335
536,2018-12-19,1990,-0.3,10.8,0.0,1.0,74.4,9.6,9.47,4.4,2630.5555555555557
537,2018-12-20,1783,-0.5,10.1,0.0,1.4,52.3,9.7,8.49,4.6,2358.3333333333335
538,2018-12-21,1272,-2.7,10.9,0.0,0.8,52.6,9.6,5.2,7.4,1444.4444444444443
539,2018-12-22,1877,2.4,11.7,0.0,1.1,70.0,9.7,8.83,6.0,2452.777777777778
540,2018-12-23,2265,-1.0,8.2,0.0,2.5,51.9,9.6,10.42,2.8,2894.4444444444443
541,2018-12-24,2351,-6.1,3.4,0.0,1.3,65.5,9.7,10.98,1.9,3050.0
542,2018-12-25,1059,-6.8,5.0,0.0,1.1,78.1,9.6,3.97,9.3,1102.7777777777778
543,2018-12-26,2328,-3.0,4.1,0.0,2.7,50.4,9.7,10.54,5.9,2927.777777777778
544,2018-12-27,2271,-7.5,-3.0,0.0,4.3,48.0,9.7,10.94,3.4,3038.8888888888887
545,2018-12-28,1852,-12.2,-5.5,0.5,2.6,65.0,9.7,8.47,4.9,2352.777777777778
546,2018-12-29,2427,-7.1,-1.4,0.0,3.4,55.5,9.7,10.67,3.6,2963.8888888888887
547,2018-12-30,2430,-8.8,-0.4,0.0,1.4,60.8,9.7,11.35,2.9,3152.777777777778
548,2018-12-31,2199,-12.3,1.4,0.0,1.1,63.4,9.7,11.31,3.1,3141.6666666666665
549,2019-01-01,1071,-5.0,1.1,0.5,2.1,65.5,9.7,4.3,6.6,1194.4444444444443
550,2019-01-02,2398,-8.7,1.1,0.0,1.4,72.0,9.7,11.36,1.3,3155.5555555555557
551,2019-01-03,2452,-10.0,3.9,0.0,0.9,68.0,9.7,11.51,0.4,3197.222222222222
552,2019-01-04,1329,-8.5,3.8,0.0,0.7,79.8,9.7,4.51,4.6,1252.7777777777778
553,2019-01-05,2497,-8.4,1.7,0.0,2.0,57.0,9.7,11.33,3.6,3147.222222222222
554,2019-01-06,2345,-9.2,4.1,0.0,1.0,66.0,9.8,10.78,3.4,2994.4444444444443
555,2019-01-07,2130,-8.5,4.8,0.0,0.8,76.5,9.8,8.71,4.8,2419.4444444444443
556,2019-01-08,2445,-6.9,1.7,0.0,2.8,58.1,9.8,11.48,3.9,3188.8888888888887
557,2019-01-09,1963,-10.9,1.3,0.0,1.2,44.9,9.8,9.12,6.4,2533.3333333333335
558,2019-01-10,658,-4.3,0.6,0.3,0.7,77.4,9.8,2.66,8.3,738.8888888888889
559,2019-01-11,2034,-3.4,7.4,0.0,1.0,72.8,9.8,8.53,8.5,2369.4444444444443
560,2019-01-12,1342,-2.9,7.6,0.0,1.0,72.8,9.9,6.44,7.8,1788.888888888889
561,2019-01-13,2255,-6.5,7.2,0.0,0.8,77.9,9.9,10.79,1.3,2997.222222222222
562,2019-01-14,1610,-5.7,6.6,0.0,0.6,80.0,9.9,6.59,6.8,1830.5555555555557
563,2019-01-15,1117,-4.8,3.9,0.1,3.1,72.0,9.9,5.82,5.3,1616.6666666666667
564,2019-01-16,2620,-8.7,-0.2,0.0,1.7,61.4,9.9,11.42,4.8,3172.222222222222
565,2019-01-17,2588,-5.5,5.4,0.0,2.1,61.4,10.0,9.1,4.1,2527.777777777778
566,2019-01-18,2374,-6.9,6.9,0.0,0.8,77.6,10.0,10.5,4.9,2916.6666666666665
567,2019-01-19,2085,-3.0,9.3,0.0,0.7,75.9,10.0,9.75,6.9,2708.3333333333335
568,2019-01-20,2805,-2.9,4.2,0.2,3.9,50.9,10.0,12.82,0.9,3561.1111111111113
569,2019-01-21,1685,-8.2,6.5,0.0,2.0,67.6,10.1,7.77,4.4,2158.3333333333335
570,2019-01-22,2351,-5.5,7.9,0.0,1.3,75.8,10.1,11.03,2.5,3063.8888888888887
571,2019-01-23,2650,-5.3,7.9,0.0,1.8,64.1,10.1,11.63,0.6,3230.5555555555557
572,2019-01-24,2948,-8.4,6.8,0.0,1.2,50.4,10.1,13.3,0.5,3694.4444444444443
573,2019-01-25,2870,-7.1,3.4,0.0,3.0,53.9,10.2,12.76,2.8,3544.4444444444443
574,2019-01-26,3009,-7.7,1.4,0.0,2.9,51.9,10.2,13.92,0.1,3866.6666666666665
575,2019-01-27,2806,-10.2,5.8,0.0,1.5,72.4,10.2,13.44,4.4,3733.3333333333335
576,2019-01-28,2880,-4.2,4.8,0.0,3.3,54.9,10.2,12.66,2.8,3516.6666666666665
577,2019-01-29,3046,-8.8,6.5,0.0,1.0,57.3,10.3,13.96,2.8,3877.777777777778
578,2019-01-30,2608,-6.4,8.7,0.0,1.0,71.6,10.3,12.32,6.3,3422.222222222222
579,2019-01-31,1575,-4.3,2.5,0.0,2.7,53.3,10.3,4.32,7.1,1200.0
580,2019-02-01,2332,-6.5,3.9,0.1,1.2,71.8,10.4,9.6,5.0,2666.6666666666665
581,2019-02-02,1555,-6.9,8.2,0.3,1.7,69.6,10.4,7.52,7.5,2088.8888888888887
582,2019-02-03,44,2.2,8.4,15.6,2.7,92.4,10.4,0.97,8.6,269.44444444444446
583,2019-02-04,3310,-4.8,4.6,0.0,1.3,54.5,10.5,14.14,2.9,3927.777777777778
584,2019-02-05,2851,-5.5,10.2,0.0,1.3,58.0,10.5,12.81,4.6,3558.3333333333335
585,2019-02-06,1900,-2.2,11.0,0.0,1.2,77.1,10.5,7.83,9.3,2175.0
586,2019-02-07,3249,-5.9,5.4,0.0,4.0,55.6,10.6,14.29,5.7,3969.4444444444443
587,2019-02-08,3225,-7.8,-1.0,0.0,2.2,53.8,10.6,14.08,7.5,3911.1111111111113
588,2019-02-09,3427,-6.0,-1.5,0.0,3.1,49.6,10.6,15.49,6.1,4302.777777777777
589,2019-02-10,2229,-6.9,-0.3,0.0,1.5,46.8,10.7,9.22,8.9,2561.1111111111113
590,2019-02-11,3559,-7.6,2.0,0.0,1.8,55.6,10.7,14.67,1.9,4075.0
591,2019-02-12,3014,-7.5,5.1,0.2,1.2,63.0,10.8,11.41,8.3,3169.4444444444443
592,2019-02-13,3319,-6.0,2.8,0.0,1.9,50.1,10.8,14.49,3.6,4025.0
593,2019-02-14,3319,-5.3,4.8,0.0,1.2,48.4,10.8,14.06,7.9,3905.5555555555557
594,2019-02-15,869,-2.2,3.4,2.1,1.5,78.3,10.9,4.69,9.6,1302.7777777777778
595,2019-02-16,2787,-6.6,1.4,0.6,2.7,66.4,10.9,14.18,4.6,3938.8888888888887
596,2019-02-17,3924,-9.7,4.0,0.0,1.4,64.0,10.9,18.51,0.5,5141.666666666667
597,2019-02-18,2487,-6.8,5.6,0.0,1.3,59.5,11.0,10.13,8.8,2813.8888888888887
598,2019-02-19,463,-2.0,2.6,11.3,1.5,95.0,11.0,4.48,8.1,1244.4444444444443
599,2019-02-20,2353,-3.0,6.4,0.0,1.6,80.6,11.0,11.5,5.4,3194.4444444444443
600,2019-02-21,3752,-5.2,7.8,0.0,1.0,76.6,11.1,16.66,0.0,4627.777777777777
601,2019-02-22,3450,-3.8,9.9,0.0,1.4,70.0,11.1,14.23,6.4,3952.777777777778
602,2019-02-23,3699,-2.9,13.9,0.0,1.2,66.1,11.1,15.82,4.8,4394.444444444444
603,2019-02-24,3829,-4.0,12.8,0.0,1.5,76.8,11.2,16.94,2.9,4705.555555555556
604,2019-02-25,3478,-2.8,9.6,0.0,1.3,76.3,11.2,13.79,4.3,3830.5555555555557
605,2019-02-26,4003,-5.8,11.3,0.0,1.1,57.6,11.3,17.39,5.4,4830.555555555556
606,2019-02-27,2347,0.3,11.4,0.0,1.0,51.9,11.3,8.64,9.3,2400.0
607,2019-02-28,3286,-2.6,12.1,0.0,1.1,65.4,11.3,12.4,3.6,3444.4444444444443
608,2019-03-01,0,-4.1,13.3,0.0,1.2,73.6,11.4,16.53,1.4,4591.666666666667
609,2019-03-02,0,-2.5,13.8,0.0,1.4,60.0,11.4,13.93,5.8,3869.4444444444443
610,2019-03-03,3240,-1.0,16.3,0.0,1.5,47.9,11.5,12.33,6.1,3425.0
611,2019-03-04,3733,0.4,13.9,0.0,1.4,67.4,11.5,15.75,4.0,4375.0
612,2019-03-05,2590,0.1,12.0,0.0,1.4,81.4,11.5,9.01,9.4,2502.777777777778
613,2019-03-06,2833,-0.1,14.0,0.0,1.3,75.3,11.6,11.35,6.4,3152.777777777778
614,2019-03-07,4514,-1.9,11.9,0.0,1.9,74.0,11.6,19.0,0.5,5277.777777777777
615,2019-03-08,4696,-4.6,12.9,0.0,1.3,67.4,11.6,21.08,2.1,5855.555555555556
616,2019-03-09,4138,-5.0,15.1,0.0,1.3,51.1,11.7,17.58,7.6,4883.333333333333
617,2019-03-10,2445,0.9,14.1,0.0,1.6,39.6,11.7,9.43,6.9,2619.4444444444443
618,2019-03-11,1871,-2.5,7.9,1.7,1.6,87.5,11.8,6.39,8.4,1775.0
619,2019-03-12,2330,0.3,10.0,0.0,3.3,69.8,11.8,8.13,5.4,2258.3333333333335
620,2019-03-13,4950,-4.3,9.2,0.0,3.3,51.3,11.8,20.27,1.0,5630.555555555556
621,2019-03-14,3760,-5.6,10.8,0.0,2.2,0.0,11.9,17.07,4.4,4741.666666666667
622,2019-03-15,2602,-1.7,11.2,0.2,3.4,85.8,11.9,11.7,7.6,3250.0
623,2019-03-16,0,-0.2,10.2,0.0,2.4,73.6,12.0,18.45,5.6,5125.0
624,2019-03-17,0,-1.7,12.3,0.0,1.7,64.4,12.0,21.83,3.0,6063.888888888889
625,2019-03-18,0,-3.6,13.4,0.0,1.3,50.8,12.0,17.78,8.1,4938.888888888889
626,2019-03-19,0,-1.1,15.5,0.0,1.8,70.9,12.1,17.62,1.6,4894.444444444444
627,2019-03-20,132,3.3,14.8,38.1,1.3,88.4,12.1,3.7,9.9,1027.7777777777778
628,2019-03-21,3241,2.4,11.3,0.2,4.5,82.1,12.2,12.15,7.4,3375.0
629,2019-03-22,5688,0.7,7.2,0.0,3.3,53.8,12.2,23.21,2.9,6447.222222222223
630,2019-03-23,4072,-3.2,8.9,1.2,3.1,67.8,12.2,14.34,2.4,3983.3333333333335
631,2019-03-24,5599,-3.6,9.2,0.0,2.3,65.5,12.3,24.57,1.3,6825.0
632,2019-03-25,4563,0.6,11.7,0.0,3.3,76.4,12.3,19.2,1.3,5333.333333333333
633,2019-03-26,5383,5.2,18.1,0.0,2.0,70.3,12.3,22.04,3.3,6122.222222222223
634,2019-03-27,4243,5.9,14.3,0.0,4.8,79.0,12.4,16.12,5.3,4477.777777777778
635,2019-03-28,4959,1.3,14.3,0.0,1.5,57.9,12.4,19.79,5.6,5497.222222222223
636,2019-03-29,5396,4.5,14.6,0.0,1.9,49.4,12.5,22.36,5.8,6211.111111111111
637,2019-03-30,2362,3.0,9.7,2.3,4.0,75.4,12.5,10.7,7.9,2972.222222222222
638,2019-03-31,3874,1.9,9.1,0.0,5.2,47.3,12.5,22.29,3.3,6191.666666666667
639,2019-04-01,4850,-2.6,11.0,0.0,2.0,49.1,12.6,21.26,3.4,5905.555555555556
640,2019-04-02,5854,-3.7,12.3,0.0,2.1,49.4,12.6,24.82,1.3,6894.444444444444
641,2019-04-03,5761,-2.4,13.6,0.0,2.1,60.9,12.7,22.9,0.8,6361.111111111111
642,2019-04-04,5793,-1.1,15.0,0.0,3.1,75.8,12.7,24.56,1.8,6822.222222222223
643,2019-04-05,5135,3.6,17.9,0.0,3.5,56.5,12.7,21.19,3.6,5886.111111111111
644,2019-04-06,2264,0.5,16.8,0.0,1.1,47.6,12.8,11.49,6.1,3191.6666666666665
645,2019-04-07,4904,5.9,18.3,0.0,2.2,40.1,12.8,19.6,3.6,5444.444444444444
646,2019-04-08,5436,4.6,16.5,0.0,2.0,34.9,12.9,22.02,3.8,6116.666666666667
647,2019-04-09,1477,4.6,15.0,26.4,2.7,56.1,12.9,5.81,8.8,1613.888888888889
648,2019-04-10,1775,2.9,10.2,1.4,2.5,86.3,12.9,6.9,8.5,1916.6666666666667
649,2019-04-11,4859,-0.1,15.3,0.0,1.2,74.4,13.0,17.58,5.9,4883.333333333333
650,2019-04-12,6226,1.9,17.6,0.0,1.8,63.6,13.0,25.49,1.8,7080.555555555556
651,2019-04-13,5840,1.3,18.2,0.0,1.5,55.0,13.0,23.89,5.9,6636.111111111111
652,2019-04-14,3478,2.5,14.5,1.7,2.4,69.5,13.1,13.38,5.6,3716.6666666666665
653,2019-04-15,6072,-0.3,17.1,0.0,1.8,67.8,13.1,25.86,0.1,7183.333333333333
654,2019-04-16,5125,2.1,22.1,0.0,1.0,47.1,13.2,22.0,4.4,6111.111111111111
655,2019-04-17,6323,4.3,21.3,0.0,2.1,56.1,13.2,26.47,2.3,7352.777777777777
656,2019-04-18,2360,8.0,15.9,0.0,3.0,85.6,13.2,9.76,7.4,2711.1111111111113
657,2019-04-19,3562,9.0,19.6,0.0,1.5,74.3,13.3,16.14,7.5,4483.333333333333
658,2019-04-20,4642,12.1,20.2,0.0,2.0,72.6,13.3,17.68,8.4,4911.111111111111
659,2019-04-21,3137,11.3,19.9,0.1,1.1,82.9,13.3,9.18,8.5,2550.0
660,2019-04-22,6005,7.6,28.5,0.0,1.4,63.3,13.4,26.03,3.0,7230.555555555556
661,2019-04-23,2845,12.5,24.0,4.8,1.4,77.4,13.4,9.99,8.9,2775.0
662,2019-04-24,4581,11.7,23.5,5.5,1.7,85.5,13.5,25.09,4.1,6969.444444444444
663,2019-04-25,583,8.0,17.2,1.8,2.0,92.4,13.5,7.79,8.3,2163.8888888888887
664,2019-04-26,481,6.8,10.2,2.0,2.0,94.4,13.5,4.0,7.6,1111.111111111111
665,2019-04-27,6004,3.2,17.1,0.0,1.6,66.1,13.5,30.32,5.8,8422.222222222223
666,2019-04-28,4077,7.8,17.4,0.2,1.3,66.3,13.6,20.0,8.6,5555.555555555556
667,2019-04-29,2133,7.5,15.8,0.0,1.5,68.0,13.6,10.72,7.4,2977.777777777778
668,2019-04-30,6118,7.2,22.2,0.0,1.8,66.0,13.7,25.02,3.4,6950.0
669,2019-05-01,6455,7.6,21.9,0.0,1.8,72.0,13.7,12.87,1.9,3575.0
670,2019-05-02,6931,5.2,24.7,0.0,1.8,54.9,13.7,14.49,0.6,4025.0
671,2019-05-03,6496,6.1,24.1,0.0,1.8,63.9,13.8,27.32,1.4,7588.888888888889
672,2019-05-04,5427,7.8,26.6,0.0,1.1,65.5,13.8,30.38,5.8,8438.888888888889
673,2019-05-05,6504,9.4,26.6,0.0,1.6,50.1,13.8,35.05,3.8,9736.111111111111
674,2019-05-06,7372,6.6,17.0,0.0,3.9,40.6,13.8,39.72,1.1,11033.333333333334
675,2019-05-07,6927,3.2,21.1,0.0,2.1,61.8,13.9,37.99,0.0,10552.777777777777
676,2019-05-08,6004,6.2,19.7,0.0,2.6,65.8,13.9,29.82,5.9,8283.333333333334
677,2019-05-09,6460,8.4,21.3,0.0,2.0,63.6,13.9,27.19,3.3,7552.777777777777
678,2019-05-10,6546,6.3,25.1,0.0,1.4,58.9,14.0,26.51,3.5,7363.888888888889
679,2019-05-11,6822,7.3,24.9,0.0,1.4,44.5,14.0,28.21,1.1,7836.111111111111
680,2019-05-12,6099,9.6,27.3,0.0,1.2,41.0,14.0,25.03,3.1,6952.777777777777
681,2019-05-13,3250,10.6,24.5,0.4,1.7,69.3,14.1,15.36,7.9,4266.666666666667
682,2019-05-14,6439,11.2,25.6,0.0,1.3,70.0,14.1,27.78,2.4,7716.666666666667
683,2019-05-15,6058,13.6,26.2,0.0,1.4,66.3,14.1,25.83,4.1,7175.0
684,2019-05-16,6324,13.7,29.2,0.0,1.5,60.5,14.2,26.64,3.9,7400.0
685,2019-05-17,3176,15.4,26.1,0.0,1.1,61.3,14.2,12.72,8.8,3533.3333333333335
686,2019-05-18,3844,16.3,22.6,6.2,2.6,80.1,14.2,13.43,7.3,3730.5555555555557
687,2019-05-19,2651,18.3,22.4,3.6,1.6,88.9,14.2,8.42,7.8,2338.8888888888887
688,2019-05-20,6802,11.2,20.2,2.1,4.2,64.4,14.3,28.14,0.0,7816.666666666667
689,2019-05-21,7506,10.9,24.3,0.0,3.3,65.6,14.3,29.94,0.3,8316.666666666666
690,2019-05-22,7218,10.8,23.1,0.0,3.1,69.4,14.3,29.34,0.9,8150.0
691,2019-05-23,6956,14.0,26.1,0.0,2.4,69.0,14.3,29.31,0.1,8141.666666666667
692,2019-05-24,6572,14.4,26.8,0.0,2.9,70.5,14.3,27.63,2.4,7675.0
693,2019-05-25,5563,14.6,25.6,0.0,2.4,69.9,14.4,22.09,7.1,6136.111111111111
694,2019-05-26,6729,15.5,28.7,0.0,2.3,54.3,14.4,26.53,6.5,7369.444444444444
695,2019-05-27,954,12.4,22.4,7.5,3.3,85.8,14.4,3.35,9.2,930.5555555555555
696,2019-05-28,6904,12.3,25.2,0.0,2.5,56.1,14.4,27.95,2.0,7763.888888888889
697,2019-05-29,7361,10.3,27.1,0.0,2.3,69.4,14.5,30.0,0.1,8333.333333333334
698,2019-05-30,4477,12.9,23.0,0.3,2.5,70.9,14.5,15.4,8.8,4277.777777777777
699,2019-05-31,7466,13.2,22.5,0.0,0.0,73.5,14.5,29.85,3.1,8291.666666666666
700,2019-06-01,5461,0.0,22.0,0.0,0.0,0.0,14.5,0.0,6.5,0.0
701,2019-06-02,6710,11.1,26.6,0.0,1.5,58.5,14.5,26.76,1.8,7433.333333333333
702,2019-06-03,6801,13.0,28.5,0.0,1.6,61.6,14.5,27.93,1.5,7758.333333333333
703,2019-06-04,6880,14.8,26.9,0.0,2.0,69.1,14.6,27.68,2.9,7688.888888888889
704,2019-06-05,5624,17.1,25.9,0.0,1.5,79.9,14.6,22.09,5.0,6136.111111111111
705,2019-06-06,1864,16.3,25.0,12.4,1.6,85.9,14.6,7.47,9.4,2075.0
706,2019-06-07,3307,16.4,24.2,25.3,2.9,87.8,14.6,9.39,4.9,2608.3333333333335
707,2019-06-08,5977,15.2,25.2,0.0,1.6,75.8,14.6,23.56,6.8,6544.444444444444
708,2019-06-09,4835,17.9,25.3,0.0,1.4,79.6,14.6,18.17,7.6,5047.222222222223
709,2019-06-10,4099,16.1,22.6,13.2,1.3,81.8,14.6,12.6,7.8,3500.0
710,2019-06-11,6788,14.5,23.7,0.0,1.7,70.8,14.6,22.06,3.5,6127.777777777777
711,2019-06-12,7475,12.8,25.7,0.0,1.5,73.4,14.6,28.97,1.3,8047.222222222223
712,2019-06-13,7061,14.2,28.0,0.0,1.3,66.3,14.7,28.37,3.9,7880.555555555556
713,2019-06-14,4887,16.9,26.6,0.0,1.6,64.6,14.7,21.26,7.1,5905.555555555556
714,2019-06-15,7504,15.9,24.6,0.0,2.6,72.0,14.7,28.27,1.9,7852.777777777777
715,2019-06-16,5396,14.6,26.5,0.0,1.5,73.6,14.7,21.58,4.4,5994.444444444444
716,2019-06-17,6452,15.9,24.6,0.0,2.0,77.4,14.7,25.18,6.0,6994.444444444444
717,2019-06-18,3629,17.1,24.3,0.1,2.0,85.4,14.7,10.55,8.4,2930.5555555555557
718,2019-06-19,5593,17.7,25.1,0.0,1.3,80.4,14.7,13.77,6.3,3825.0
719,2019-06-20,5537,16.5,26.8,0.0,1.3,79.8,14.7,18.15,7.3,5041.666666666667
720,2019-06-21,6194,18.7,26.6,0.0,1.7,78.4,14.7,21.76,5.8,6044.444444444444
721,2019-06-22,6990,18.0,27.4,0.0,1.9,71.6,14.7,20.11,3.0,5586.111111111111
722,2019-06-23,7202,16.2,29.8,0.0,1.6,61.0,14.7,29.62,1.3,8227.777777777777
723,2019-06-24,7253,15.9,28.0,0.0,1.7,66.0,14.7,29.58,1.0,8216.666666666666
724,2019-06-25,7003,15.7,31.1,0.0,1.4,61.3,14.7,29.24,1.8,8122.222222222223
725,2019-06-26,2869,18.4,26.2,1.6,1.3,74.4,14.7,9.93,9.1,2758.3333333333335
726,2019-06-27,3260,20.7,27.5,0.0,1.3,86.0,14.7,12.35,4.8,3430.5555555555557
727,2019-06-28,4113,19.3,28.6,0.2,2.0,79.4,14.7,20.19,8.1,5608.333333333333
728,2019-06-29,2508,19.3,25.2,3.5,1.2,90.8,14.7,9.55,8.6,2652.777777777778
729,2019-06-30,3240,18.3,25.4,0.0,1.9,89.8,14.7,10.99,7.6,3052.777777777778
730,2019-07-01,5319,18.8,27.4,0.0,1.4,77.5,14.7,18.78,5.9,5216.666666666667
731,2019-07-02,7183,19.2,27.6,0.0,2.0,82.0,14.6,23.63,3.3,6563.888888888889
732,2019-07-03,4176,18.5,28.8,0.0,1.4,77.6,14.6,20.03,5.6,5563.888888888889
733,2019-07-04,6189,16.1,30.9,0.0,1.3,74.1,14.6,27.57,3.3,7658.333333333333
734,2019-07-05,6674,18.0,33.1,0.0,1.5,63.8,14.6,27.54,2.3,7650.0
735,2019-07-06,7139,17.8,34.8,0.0,1.9,48.9,14.6,29.11,0.6,8086.111111111111
736,2019-07-07,5202,21.2,31.6,0.0,2.0,54.6,14.6,21.78,6.9,6050.0
737,2019-07-08,6591,21.1,30.7,0.0,2.3,53.3,14.6,27.83,4.6,7730.555555555556
738,2019-07-09,5602,19.7,30.2,0.0,2.1,55.0,14.6,24.85,6.3,6902.777777777777
739,2019-07-10,2333,19.2,24.8,12.1,2.7,75.1,14.5,7.09,8.6,1969.4444444444443
740,2019-07-11,2411,18.6,24.7,0.0,2.7,86.5,14.5,12.15,4.6,3375.0
741,2019-07-12,4830,17.6,27.0,0.0,2.1,83.9,14.5,22.7,6.3,6305.555555555556
742,2019-07-13,3486,20.0,25.1,52.5,1.4,93.3,14.5,9.71,6.1,2697.222222222222
743,2019-07-14,5867,20.4,28.2,0.0,1.3,84.6,14.5,22.21,4.1,6169.444444444444
744,2019-07-15,2843,21.4,25.9,5.9,1.5,91.1,14.5,12.25,6.9,3402.777777777778
745,2019-07-16,3988,21.3,28.3,2.0,1.6,83.5,14.4,22.91,7.4,6363.888888888889
746,2019-07-17,3880,19.9,28.5,0.0,1.0,80.9,14.4,14.91,8.4,4141.666666666667
747,2019-07-18,4416,21.6,30.8,8.5,1.5,80.3,14.4,22.67,7.3,6297.222222222223
748,2019-07-19,5192,22.3,32.4,0.3,1.8,79.1,14.4,17.85,7.0,4958.333333333333
749,2019-07-20,3980,25.0,29.9,0.8,3.4,81.9,14.4,9.57,9.8,2658.3333333333335
750,2019-07-21,2237,23.0,28.7,5.7,2.6,93.4,14.3,11.61,6.9,3225.0
751,2019-07-22,4557,22.8,29.4,0.0,2.6,90.6,14.3,17.89,6.6,4969.444444444444
752,2019-07-23,5319,23.7,30.5,0.0,2.9,86.3,14.3,22.72,7.1,6311.111111111111
753,2019-07-24,1947,24.4,28.2,1.9,3.0,94.1,14.3,6.79,7.5,1886.111111111111
754,2019-07-25,766,0.0,25.9,0.0,0.0,0.0,14.2,0.0,8.8,0.0
755,2019-07-26,902,24.3,26.2,56.3,2.8,97.0,14.2,2.45,9.1,680.5555555555555
756,2019-07-27,3539,23.8,30.2,3.1,2.1,91.6,14.2,17.01,6.3,4725.0
757,2019-07-28,1405,24.5,27.1,20.9,3.5,96.8,14.2,5.07,9.0,1408.3333333333333
758,2019-07-29,5687,24.7,29.4,0.0,4.1,87.1,14.1,19.42,4.8,5394.444444444444
759,2019-07-30,5177,25.7,29.3,0.0,4.7,90.6,14.1,11.78,4.8,3272.222222222222
760,2019-07-31,1572,24.6,27.4,4.5,3.6,97.0,14.1,3.78,8.1,1050.0
761,2019-08-01,4496,25.0,30.6,1.1,2.7,89.5,14.0,20.9,6.3,5805.555555555556
762,2019-08-02,5663,0.0,32.3,0.0,0.0,0.0,14.0,0.0,3.0,0.0
763,2019-08-03,5666,23.1,34.3,5.6,1.2,79.5,14.0,21.75,5.4,6041.666666666667
764,2019-08-04,5430,23.7,32.5,0.0,1.2,77.4,13.9,19.45,5.8,5402.777777777777
765,2019-08-05,5513,23.3,34.4,0.0,1.5,76.5,13.9,19.6,4.9,5444.444444444444
766,2019-08-06,5928,24.6,34.7,0.0,1.5,67.5,13.9,23.48,7.0,6522.222222222223
767,2019-08-07,5288,24.8,31.2,0.0,1.9,82.8,13.9,21.1,6.8,5861.111111111111
768,2019-08-08,4033,25.3,32.2,0.0,1.4,80.4,13.8,18.94,6.9,5261.111111111111
769,2019-08-09,5517,24.1,33.5,0.0,1.1,79.3,13.8,20.39,4.8,5663.888888888889
770,2019-08-10,6286,24.8,36.3,0.0,2.0,67.8,13.8,23.82,5.0,6616.666666666667
771,2019-08-11,5206,24.4,35.1,23.3,3.2,65.1,13.7,20.5,8.1,5694.444444444444
772,2019-08-12,2351,24.3,30.3,66.5,2.4,93.1,13.7,8.66,8.3,2405.5555555555557
773,2019-08-13,5021,23.9,32.2,1.5,1.6,84.9,13.7,21.55,5.6,5986.111111111111
774,2019-08-14,6174,24.9,33.9,2.3,1.5,80.6,13.6,22.41,5.4,6225.0
775,2019-08-15,1731,24.0,27.4,2.0,1.5,89.0,13.6,7.82,7.3,2172.222222222222
776,2019-08-16,4612,23.3,29.9,0.0,2.2,85.0,13.6,19.07,5.1,5297.222222222223
777,2019-08-17,2651,19.9,28.1,2.7,2.4,87.6,13.5,11.62,4.5,3227.777777777778
778,2019-08-18,6257,18.6,28.8,0.0,1.3,77.5,13.5,21.9,3.5,6083.333333333333
779,2019-08-19,5729,18.5,29.9,0.0,1.4,77.5,13.5,23.52,4.3,6533.333333333333
780,2019-08-20,5888,21.9,31.8,0.0,1.3,77.8,13.4,18.99,3.0,5275.0
781,2019-08-21,4068,22.3,31.2,0.0,1.2,77.0,13.4,18.14,6.4,5038.888888888889
782,2019-08-22,4334,21.2,30.2,0.0,1.6,79.4,13.4,14.86,6.9,4127.777777777777
783,2019-08-23,5834,19.4,29.3,0.0,1.5,74.1,13.3,19.35,5.0,5375.0
784,2019-08-24,2710,18.1,27.1,0.0,1.0,85.5,13.3,9.99,7.5,2775.0
785,2019-08-25,5568,17.3,28.9,0.0,1.1,78.0,13.2,19.92,3.1,5533.333333333333
786,2019-08-26,5444,17.8,31.1,0.0,1.0,76.1,13.2,23.36,4.6,6488.888888888889
787,2019-08-27,2938,19.7,27.0,11.3,1.2,86.8,13.2,13.92,7.6,3866.6666666666665
788,2019-08-28,5088,21.7,29.0,0.2,1.5,83.8,13.1,20.41,6.4,5669.444444444444
789,2019-08-29,3164,18.8,26.7,4.6,1.9,92.0,13.1,9.63,7.1,2675.0
790,2019-08-30,4661,17.2,27.2,0.0,1.6,78.0,13.1,18.07,3.5,5019.444444444444
791,2019-08-31,5680,16.0,27.3,0.0,1.4,82.0,13.0,21.91,2.5,6086.111111111111
792,2019-09-01,3483,15.7,26.6,0.0,0.7,82.1,13.0,13.49,7.5,3747.222222222222
793,2019-09-02,3125,17.3,27.7,0.0,1.0,79.4,13.0,14.14,7.3,3927.777777777778
794,2019-09-03,1919,20.3,26.6,0.0,1.4,85.5,12.9,9.77,9.5,2713.8888888888887
795,2019-09-04,2609,21.8,29.1,12.9,2.2,90.3,12.9,10.77,8.5,2991.6666666666665
796,2019-09-05,994,21.7,28.0,71.0,0.8,96.0,12.8,4.84,9.4,1344.4444444444443
797,2019-09-06,1666,21.6,28.1,4.4,1.4,91.8,12.8,7.59,10.0,2108.3333333333335
798,2019-09-07,0,22.3,28.0,4.6,6.1,87.3,12.8,3.91,8.5,1086.111111111111
799,2019-09-08,0,22.5,26.8,0.0,1.2,90.1,12.7,8.7,9.8,2416.6666666666665
800,2019-09-09,56,21.9,26.5,20.7,1.5,94.4,12.7,7.26,9.9,2016.6666666666667
801,2019-09-10,1775,23.2,27.1,39.4,2.4,90.9,12.6,5.8,8.8,1611.111111111111
802,2019-09-11,1688,22.0,26.6,0.1,2.2,90.6,12.6,9.1,5.6,2527.777777777778
803,2019-09-12,1162,19.9,23.9,0.0,2.1,76.4,12.6,7.21,9.1,2002.7777777777778
804,2019-09-13,5420,17.2,29.0,0.0,1.2,74.5,12.5,21.2,3.9,5888.888888888889
805,2019-09-14,1374,19.2,24.8,0.1,1.2,93.9,12.5,5.43,8.6,1508.3333333333333
806,2019-09-15,3137,18.9,29.0,0.0,1.3,80.8,12.5,20.49,5.9,5691.666666666667
807,2019-09-16,5043,18.8,28.7,0.0,1.6,75.1,12.4,20.67,3.8,5741.666666666667
808,2019-09-17,5125,16.3,29.3,0.0,1.4,59.8,12.4,21.75,4.0,6041.666666666667
809,2019-09-18,5396,15.4,25.2,0.0,2.5,60.3,12.3,22.36,1.5,6211.111111111111
810,2019-09-19,4831,11.2,26.1,0.0,1.7,60.4,12.3,20.2,3.3,5611.111111111111
811,2019-09-20,2126,15.4,24.0,0.0,1.6,60.9,12.3,9.89,9.5,2747.222222222222
812,2019-09-21,859,15.5,22.3,13.8,2.1,77.6,12.2,4.06,9.9,1127.7777777777776
813,2019-09-22,961,15.2,18.7,14.1,3.9,85.9,12.2,2.98,9.0,827.7777777777778
814,2019-09-23,4823,12.9,23.9,0.0,2.1,67.0,12.2,20.32,1.9,5644.444444444444
815,2019-09-24,5050,11.1,25.3,0.0,0.8,78.1,12.1,18.56,1.1,5155.555555555556
816,2019-09-25,3846,11.5,25.5,0.0,0.8,81.0,12.1,14.76,6.9,4100.0
817,2019-09-26,3203,16.5,25.4,0.0,1.1,78.0,12.0,12.29,8.9,3413.8888888888887
818,2019-09-27,3129,17.1,27.7,0.0,1.3,75.6,12.0,12.53,8.5,3480.5555555555557
819,2019-09-28,3968,17.0,28.4,0.0,1.1,76.6,12.0,16.32,3.6,4533.333333333333
820,2019-09-29,4593,14.8,27.6,0.0,1.1,74.8,11.9,19.48,0.3,5411.111111111111
821,2019-09-30,3844,14.1,28.5,0.0,1.1,80.0,11.9,17.7,4.8,4916.666666666667
822,2019-10-01,2464,16.9,27.0,0.0,1.2,86.6,11.8,0.0,8.1,0.0
823,2019-10-02,530,20.4,22.4,41.1,2.7,92.1,11.8,2.09,10.0,580.5555555555555
824,2019-10-03,0,18.5,28.3,9.6,2.8,79.9,11.8,17.82,5.3,4950.0
825,2019-10-04,52,18.4,26.5,0.0,1.8,88.0,11.7,15.02,5.4,4172.222222222223
826,2019-10-05,2463,14.5,20.5,0.0,2.0,81.6,11.7,8.33,6.6,2313.8888888888887
827,2019-10-06,3627,13.5,23.0,0.0,1.6,75.5,11.6,13.87,7.5,3852.777777777778
828,2019-10-07,910,13.0,17.0,23.9,0.9,96.0,11.6,3.41,9.0,947.2222222222222
829,2019-10-08,4357,8.0,20.4,0.1,2.1,73.8,11.6,17.59,3.9,4886.111111111111
830,2019-10-09,4279,6.0,20.9,0.0,0.9,77.5,11.5,17.65,3.5,4902.777777777777
831,2019-10-10,1999,10.0,19.4,0.0,0.7,79.6,11.5,7.51,8.6,2086.1111111111113
832,2019-10-11,3787,12.2,23.5,0.0,1.6,72.8,11.5,15.94,3.3,4427.777777777777
833,2019-10-12,4133,13.3,24.0,0.0,2.7,59.4,11.4,17.28,0.8,4800.0
834,2019-10-13,3941,11.1,23.2,0.0,1.4,67.6,11.4,17.19,3.0,4775.0
835,2019-10-14,3287,6.9,18.2,0.0,2.2,69.1,11.3,13.77,2.1,3825.0
836,2019-10-15,3894,4.5,20.7,0.0,1.0,73.0,11.3,17.5,2.3,4861.111111111111
837,2019-10-16,2883,7.4,20.3,0.0,1.0,75.8,11.3,14.71,7.0,4086.1111111111113
838,2019-10-17,2516,10.1,20.4,0.0,1.0,74.0,11.2,11.43,6.0,3175.0
839,2019-10-18,3222,10.9,22.3,0.0,1.6,74.4,11.2,12.89,6.8,3580.5555555555557
840,2019-10-19,3660,10.6,22.7,0.0,1.1,79.8,11.2,14.24,2.0,3955.5555555555557
841,2019-10-20,3075,7.6,22.7,0.0,0.8,80.8,11.1,14.2,3.3,3944.4444444444443
842,2019-10-21,3252,9.9,23.2,0.0,1.3,76.5,11.1,15.33,3.0,4258.333333333333
843,2019-10-22,3362,10.1,23.4,0.0,1.0,70.4,11.0,15.22,3.0,4227.777777777777
844,2019-10-23,1741,13.5,20.5,0.0,1.6,67.9,11.0,7.21,9.0,2002.7777777777778
845,2019-10-24,2997,13.5,23.2,0.0,1.9,56.8,11.0,12.94,3.0,3594.4444444444443
846,2019-10-25,2802,12.5,22.3,0.0,2.3,62.3,10.9,12.53,7.1,3480.5555555555557
847,2019-10-26,2605,5.5,15.0,0.0,2.1,69.3,10.9,13.82,7.0,3838.8888888888887
848,2019-10-27,3377,3.7,18.0,0.0,0.9,74.3,10.9,14.75,3.5,4097.222222222223
849,2019-10-28,3036,4.3,17.9,0.0,2.4,73.8,10.8,12.73,4.6,3536.1111111111113
850,2019-10-29,2436,5.7,18.4,6.3,1.8,78.0,10.8,10.16,2.0,2822.222222222222
851,2019-10-30,3156,3.9,18.0,0.0,1.1,78.4,10.8,13.68,2.3,3800.0
852,2019-10-31,2872,5.8,20.1,0.0,1.5,86.1,10.7,11.89,3.6,3302.777777777778
853,2019-11-01,3285,6.7,19.6,0.0,1.1,70.6,10.7,14.23,3.9,3952.777777777778
854,2019-11-02,1781,5.1,19.5,0.0,0.7,79.3,10.7,7.97,7.9,2213.8888888888887
855,2019-11-03,2626,7.5,20.8,0.0,1.0,69.6,10.6,12.57,4.6,3491.6666666666665
856,2019-11-04,3035,7.4,20.2,0.0,1.5,70.3,10.6,13.49,1.4,3747.222222222222
857,2019-11-05,2770,5.7,18.8,0.0,1.0,80.1,10.6,11.68,3.8,3244.4444444444443
858,2019-11-06,2794,3.2,18.3,0.0,0.9,76.5,10.5,13.09,4.1,3636.1111111111113
859,2019-11-07,2927,2.5,14.6,0.0,1.7,65.0,10.5,13.51,2.6,3752.777777777778
860,2019-11-08,3082,-1.0,13.4,0.0,1.1,63.8,10.5,14.44,1.0,4011.1111111111113
861,2019-11-09,2906,0.5,16.8,0.0,0.9,67.5,10.4,13.47,1.6,3741.6666666666665
862,2019-11-10,1486,3.1,15.8,15.0,2.0,78.1,10.4,5.99,9.1,1663.888888888889
863,2019-11-11,2153,5.7,16.4,5.4,2.6,81.0,10.4,8.26,4.8,2294.4444444444443
864,2019-11-12,2251,3.0,17.1,0.0,0.8,82.6,10.3,10.58,3.3,2938.8888888888887
865,2019-11-13,366,4.2,12.9,13.9,2.5,84.3,10.3,1.96,9.3,544.4444444444445
866,2019-11-14,3001,-1.4,7.3,0.0,2.4,52.1,10.3,12.95,2.0,3597.222222222222
867,2019-11-15,1672,-1.2,17.7,13.2,3.4,77.1,10.2,7.72,5.6,2144.4444444444443
868,2019-11-16,1365,5.1,14.1,0.0,1.3,92.4,10.2,7.22,5.6,2005.5555555555557
869,2019-11-17,32,4.8,14.5,56.4,1.8,95.5,10.2,0.86,9.1,238.88888888888889
870,2019-11-18,1433,2.5,14.1,9.7,4.0,71.5,10.2,4.35,9.3,1208.3333333333333
871,2019-11-19,1650,-0.8,4.0,3.9,1.8,74.5,10.1,4.67,5.0,1297.2222222222222
872,2019-11-20,2799,-2.3,6.7,0.0,1.4,63.1,10.1,12.29,1.3,3413.8888888888887
873,2019-11-21,1707,-2.7,9.6,0.0,1.7,48.6,10.1,7.78,7.3,2161.1111111111113
874,2019-11-22,2513,2.2,17.0,0.0,1.3,54.3,10.1,11.74,4.0,3261.1111111111113
875,2019-11-23,1972,5.4,18.3,0.0,0.8,78.6,10.0,8.09,6.4,2247.222222222222
876,2019-11-24,1348,5.7,18.4,7.1,2.1,86.3,10.0,5.62,7.1,1561.111111111111
877,2019-11-25,1952,1.0,5.7,0.0,2.6,71.6,10.0,6.94,7.6,1927.7777777777778
878,2019-11-26,2492,0.1,13.6,0.0,1.4,70.9,10.0,11.26,4.8,3127.777777777778
879,2019-11-27,1954,1.1,8.2,0.0,2.2,59.3,9.9,8.0,6.3,2222.222222222222
880,2019-11-28,2471,-1.3,10.2,0.0,1.5,71.9,9.9,11.43,0.0,3175.0
881,2019-11-29,2578,-3.0,8.2,0.0,1.3,58.5,9.9,12.22,1.3,3394.4444444444443
882,2019-11-30,1965,-3.1,11.2,0.0,0.8,66.6,9.9,9.46,8.3,2627.777777777778
883,2019-12-01,467,3.8,7.6,3.8,0.7,89.5,9.9,2.08,9.6,577.7777777777778
884,2019-12-02,2016,-0.5,5.6,0.1,3.6,60.5,9.8,8.39,6.5,2330.5555555555557
885,2019-12-03,884,-3.5,4.0,11.7,0.9,96.3,9.8,2.91,6.1,808.3333333333334
886,2019-12-04,2239,0.5,9.8,0.1,1.3,75.4,9.8,9.21,3.5,2558.3333333333335
887,2019-12-05,2232,-5.1,3.3,0.0,3.4,51.5,9.8,9.6,2.4,2666.6666666666665
888,2019-12-06,2434,-8.3,1.3,0.0,1.5,58.4,9.8,11.47,0.1,3186.1111111111113
889,2019-12-07,764,-7.2,5.4,0.1,0.9,83.5,9.8,4.83,6.6,1341.6666666666667
890,2019-12-08,2253,-4.8,7.1,0.0,0.6,82.4,9.7,10.75,1.3,2986.1111111111113
891,2019-12-09,1771,-3.0,10.3,0.0,1.9,79.3,9.7,7.48,6.0,2077.777777777778
892,2019-12-10,1435,5.4,13.1,0.4,1.8,88.8,9.7,6.69,4.8,1858.3333333333333
893,2019-12-11,1050,3.9,10.7,0.0,3.6,67.4,9.7,6.03,7.1,1675.0
894,2019-12-12,2347,-4.0,5.0,0.0,2.1,59.3,9.7,10.33,1.1,2869.4444444444443
895,2019-12-13,1776,-5.6,7.3,1.7,1.2,62.9,9.7,8.26,4.9,2294.4444444444443
896,2019-12-14,2340,0.0,7.1,1.1,2.4,62.9,9.7,10.75,3.9,2986.1111111111113
897,2019-12-15,1949,-3.3,12.1,0.0,0.9,67.6,9.7,9.01,4.5,2502.777777777778
898,2019-12-16,1906,0.8,15.6,0.0,0.7,75.4,9.7,7.8,5.8,2166.6666666666665
899,2019-12-17,211,5.2,10.5,6.7,2.3,86.6,9.7,1.21,9.5,336.1111111111111
900,2019-12-18,2214,-1.4,5.2,0.0,2.1,68.5,9.7,9.64,6.6,2677.777777777778
901,2019-12-19,2313,-2.9,4.8,0.0,1.5,59.6,9.7,10.28,3.0,2855.5555555555557
902,2019-12-20,747,-5.2,3.8,0.8,1.4,76.6,9.7,7.62,5.0,2116.6666666666665
903,2019-12-21,1177,-6.1,5.1,0.0,1.3,76.9,9.7,5.62,6.7,1561.111111111111
904,2019-12-22,1810,-0.1,10.0,0.0,0.9,73.9,9.7,7.1,8.0,1972.2222222222222
905,2019-12-23,602,0.6,6.8,2.2,1.7,80.0,9.6,4.03,6.6,1119.4444444444446
906,2019-12-24,1839,-2.5,7.5,0.0,1.0,77.1,9.7,9.92,1.9,2755.5555555555557
907,2019-12-25,1633,-4.1,8.8,0.0,1.1,65.9,9.7,6.62,6.0,1838.888888888889
908,2019-12-26,620,1.2,5.0,2.5,2.8,72.0,9.7,2.38,8.8,661.1111111111111
909,2019-12-27,2322,-4.7,4.2,0.0,1.8,64.8,9.7,11.15,0.0,3097.222222222222
910,2019-12-28,2087,-5.2,7.9,0.0,0.9,75.4,9.7,10.09,1.0,2802.777777777778
911,2019-12-29,663,-2.0,6.9,5.7,0.7,80.3,9.7,2.67,9.3,741.6666666666666
912,2019-12-30,623,-2.3,8.6,0.4,2.9,81.9,9.7,2.81,7.1,780.5555555555555
913,2019-12-31,2249,-8.1,-2.3,0.1,3.3,62.9,9.7,11.05,4.0,3069.4444444444443
914,2020-01-01,461,-7.1,5.2,0.2,1.1,76.8,9.7,6.18,8.8,1716.6666666666667
915,2020-01-02,199,-3.2,5.6,0.0,0.8,83.0,9.7,2.84,8.4,788.8888888888889
916,2020-01-03,2071,-3.7,6.5,0.0,1.2,80.3,9.7,9.57,5.4,2658.3333333333335
917,2020-01-04,2055,-4.3,8.0,0.0,0.9,81.0,9.7,7.74,2.5,2150.0
918,2020-01-05,2179,-6.0,7.4,0.0,1.0,61.5,9.7,10.21,4.9,2836.1111111111113
919,2020-01-06,412,0.8,4.8,0.0,2.1,86.4,9.8,1.64,10.0,455.55555555555554
920,2020-01-07,28,4.8,13.1,42.2,2.7,98.0,9.8,0.64,9.8,177.77777777777777
921,2020-01-08,261,2.4,7.3,1.3,4.7,83.6,9.8,0.89,7.8,247.22222222222223
922,2020-01-09,1780,-3.7,4.3,0.0,1.9,72.6,9.8,9.74,3.8,2705.5555555555557
923,2020-01-10,2146,-4.5,5.1,0.0,0.8,81.1,9.8,9.71,6.4,2697.222222222222
924,2020-01-11,2178,-3.5,5.9,0.0,1.3,74.8,9.8,9.55,6.8,2652.777777777778
925,2020-01-12,2071,-1.4,4.6,0.0,2.6,64.3,9.9,9.75,7.0,2708.3333333333335
926,2020-01-13,2122,-3.2,2.0,0.0,2.4,61.3,9.9,8.72,5.9,2422.222222222222
927,2020-01-14,1899,-4.1,3.5,0.0,1.1,67.8,9.9,7.01,7.0,1947.2222222222222
928,2020-01-15,2512,-5.2,3.5,0.0,1.3,72.0,9.9,9.76,3.6,2711.1111111111113
929,2020-01-16,2323,-5.5,3.3,0.0,1.2,63.1,9.9,10.89,7.9,3025.0
930,2020-01-17,2226,-5.3,4.9,0.0,1.0,65.6,10.0,9.74,4.6,2705.5555555555557
931,2020-01-18,2610,-6.6,6.1,0.0,1.1,69.0,10.0,12.8,1.8,3555.5555555555557
932,2020-01-19,1396,-3.7,7.4,0.0,1.9,71.9,10.0,7.52,6.6,2088.8888888888887
933,2020-01-20,2014,-2.7,7.1,0.0,2.5,62.0,10.0,8.91,4.4,2475.0
934,2020-01-21,2500,-6.9,5.7,0.0,1.0,56.1,10.1,12.48,3.8,3466.6666666666665
935,2020-01-22,697,-0.9,4.1,1.4,1.4,71.6,10.1,2.52,9.3,700.0
936,2020-01-23,2407,0.8,9.9,0.0,2.1,68.1,10.1,11.07,4.9,3075.0
937,2020-01-24,2483,-1.3,7.6,0.0,1.6,74.0,10.1,11.65,6.0,3236.1111111111113
938,2020-01-25,1612,-0.8,8.1,0.0,1.3,78.9,10.2,6.96,8.1,1933.3333333333333
939,2020-01-26,2318,-0.6,11.1,0.0,1.9,64.8,10.2,9.87,7.8,2741.6666666666665
940,2020-01-27,522,3.4,7.6,0.9,3.1,66.0,10.2,2.26,9.9,627.7777777777778
941,2020-01-28,1692,3.5,10.9,0.0,1.8,66.6,10.2,7.78,8.3,2161.1111111111113
942,2020-01-29,2690,2.7,11.0,0.0,1.8,61.1,10.3,9.58,7.8,2661.1111111111113
943,2020-01-30,2768,-2.0,10.6,0.0,1.1,75.5,10.3,8.72,3.9,2422.222222222222
944,2020-01-31,2247,-3.6,7.3,0.0,1.3,79.5,10.3,10.27,3.4,2852.777777777778
945,2020-02-01,1629,-5.0,9.4,0.0,1.3,80.8,10.4,8.38,4.4,2327.777777777778
946,2020-02-02,2440,-5.7,7.4,0.0,1.1,72.3,10.4,10.28,4.8,2855.5555555555557
947,2020-02-03,2935,-6.0,3.7,0.0,2.3,60.4,10.4,12.07,3.0,3352.777777777778
948,2020-02-04,2761,-8.0,5.4,0.5,2.2,69.5,10.5,14.09,3.9,3913.8888888888887
949,2020-02-05,3247,-7.1,-1.7,0.0,3.3,49.6,10.5,15.22,0.3,4227.777777777777
950,2020-02-06,3059,-10.3,0.3,0.0,1.4,49.6,10.5,13.1,1.9,3638.8888888888887
951,2020-02-07,2156,-9.0,3.5,0.0,1.0,67.0,10.6,9.1,7.9,2527.777777777778
952,2020-02-08,3169,-1.8,4.4,0.0,2.5,58.8,10.6,13.83,3.1,3841.6666666666665
953,2020-02-09,3122,-7.8,6.2,0.0,1.3,67.6,10.6,15.07,2.3,4186.111111111111
954,2020-02-10,3389,-2.7,11.8,0.0,0.9,62.3,10.7,14.04,1.4,3900.0
955,2020-02-11,3234,-3.8,13.8,0.0,1.3,50.0,10.7,14.46,3.8,4016.6666666666665
956,2020-02-12,110,5.2,7.8,8.7,1.7,90.9,10.7,1.37,8.3,380.55555555555554
957,2020-02-13,1485,4.2,11.3,0.0,1.3,89.4,10.8,8.39,8.5,2330.5555555555557
958,2020-02-14,2683,3.9,15.4,0.0,1.5,79.5,10.8,13.49,4.3,3747.222222222222
959,2020-02-15,1929,1.4,16.4,0.9,1.5,77.0,10.8,7.17,7.8,1991.6666666666667
960,2020-02-16,743,-3.1,3.5,7.3,4.2,82.6,10.9,4.46,9.4,1238.888888888889
961,2020-02-17,1767,-4.9,-1.5,0.2,4.3,72.3,10.9,9.45,9.4,2625.0
962,2020-02-18,3819,-7.0,3.6,0.0,1.8,60.6,11.0,17.29,1.6,4802.777777777777
963,2020-02-19,2747,-5.1,8.5,0.0,0.8,76.4,11.0,14.34,6.6,3983.3333333333335
964,2020-02-20,3346,-1.4,11.8,0.0,0.8,80.8,11.0,13.0,4.0,3611.1111111111113
965,2020-02-21,2037,-0.4,13.2,3.5,1.6,79.0,11.1,8.93,8.9,2480.5555555555557
966,2020-02-22,3133,2.1,9.5,2.1,4.6,62.0,11.1,14.89,4.6,4136.111111111111
967,2020-02-23,4093,-4.1,8.1,0.0,1.5,62.6,11.1,18.1,0.8,5027.777777777777
968,2020-02-24,3608,-2.5,13.4,1.0,1.4,73.3,11.2,14.77,4.4,4102.777777777777
969,2020-02-25,643,5.1,7.9,40.8,3.1,90.1,11.2,1.92,8.3,533.3333333333334
970,2020-02-26,4014,0.4,11.6,0.0,2.2,74.5,11.3,17.0,1.1,4722.222222222223
971,2020-02-27,3460,-0.1,12.1,0.0,1.5,72.5,11.3,17.77,2.1,4936.111111111111
972,2020-02-28,936,1.5,7.8,7.3,0.8,93.1,11.3,3.95,9.5,1097.2222222222222
973,2020-02-29,1956,2.5,11.9,0.0,1.8,81.9,11.4,13.95,4.1,3875.0
974,2020-03-02,0,-0.1,6.8,0.0,3.1,60.8,11.4,18.87,2.3,5241.666666666667
975,2020-03-03,0,-1.0,11.2,0.0,1.5,74.0,11.5,12.51,8.0,3475.0
976,2020-03-11,5074,-1.5,8.9,0.0,3.6,49.8,11.8,21.28,0.4,5911.111111111111
977,2020-03-12,1431,-2.0,12.4,0.0,2.3,67.5,11.8,19.82,0.4,5505.555555555556
978,2020-03-13,4288,0.3,8.3,0.0,2.6,52.1,11.9,17.85,5.6,4958.333333333333
979,2020-03-14,4797,-4.6,9.5,0.0,2.7,61.1,11.9,20.57,1.8,5713.888888888889
980,2020-03-15,4562,-1.8,9.7,0.0,4.4,56.3,11.9,17.69,4.1,4913.888888888889
981,2020-03-16,5071,-3.3,9.2,0.0,2.4,56.1,12.0,21.64,0.3,6011.111111111111
982,2020-03-17,2348,1.8,13.1,0.0,2.9,82.1,12.0,9.68,7.3,2688.8888888888887
983,2020-03-18,4985,3.1,16.5,0.0,2.8,64.8,12.1,20.12,3.4,5588.888888888889
984,2020-03-19,0,6.4,11.3,0.0,6.5,61.6,12.1,18.06,3.1,5016.666666666667
985,2020-03-20,4908,-0.2,14.2,0.0,3.5,58.1,12.1,21.49,1.4,5969.444444444444
986,2020-03-21,4044,6.0,16.8,0.0,3.4,72.5,12.2,16.58,5.6,4605.555555555555
987,2020-03-22,5436,4.0,15.4,0.0,3.0,53.1,12.2,23.15,1.3,6430.555555555556
988,2020-03-23,5126,-0.2,16.4,0.0,1.8,59.9,12.3,21.73,0.4,6036.111111111111
989,2020-03-24,5100,0.4,18.0,0.0,1.4,60.4,12.3,21.43,0.9,5952.777777777777
990,2020-03-25,4869,0.9,20.1,0.0,1.7,57.3,12.3,20.95,3.6,5819.444444444444
991,2020-03-26,1879,6.4,18.8,2.4,1.2,74.9,12.4,5.97,8.8,1658.3333333333333
992,2020-03-27,4798,6.3,13.3,11.2,3.6,66.9,12.4,17.91,5.4,4975.0
993,2020-03-28,4618,1.4,10.7,0.0,3.4,37.6,12.5,17.7,5.4,4916.666666666667
994,2020-03-29,5379,-2.1,15.5,0.0,1.3,55.4,12.5,22.19,3.3,6163.888888888889
995,2020-03-30,5722,-0.7,16.3,0.0,1.3,51.1,12.5,24.36,1.5,6766.666666666667
996,2020-03-31,5176,-0.8,18.0,0.0,1.3,50.1,12.6,22.01,4.4,6113.888888888889
997,2020-04-01,4953,6.3,15.2,0.0,3.2,50.5,12.6,20.5,5.0,5694.444444444444
998,2020-04-02,4724,1.0,15.1,0.0,1.8,58.6,12.6,19.89,3.1,5525.0
999,2020-04-03,5739,0.9,16.8,0.0,2.0,66.3,12.7,24.15,2.5,6708.333333333333
1000,2020-04-04,5829,5.0,12.1,0.0,4.3,49.9,12.7,24.12,1.4,6700.0
1001,2020-04-05,5937,0.6,12.0,0.0,2.8,41.6,12.8,25.33,1.6,7036.111111111111
1002,2020-04-06,5672,-1.6,15.9,0.0,1.7,60.1,12.8,23.71,4.0,6586.111111111111
1003,2020-04-07,4944,2.5,16.6,0.0,2.0,71.6,12.9,20.95,3.1,5819.444444444444
1004,2020-04-08,6202,0.7,14.2,0.0,2.7,48.4,12.9,25.98,1.5,7216.666666666667
1005,2020-04-09,5721,0.3,13.4,0.0,2.3,57.9,12.9,23.34,4.8,6483.333333333333
1006,2020-04-10,5592,1.2,15.4,0.0,1.8,62.3,13.0,24.26,3.6,6738.888888888889
1007,2020-04-11,4231,1.2,14.0,0.0,1.4,71.3,13.0,16.67,6.1,4630.555555555556
1008,2020-04-12,4579,0.5,16.5,1.7,2.0,67.1,13.0,16.48,3.3,4577.777777777777
1009,2020-04-13,6206,4.3,16.5,0.0,2.5,42.5,13.1,25.24,5.1,7011.111111111111
1010,2020-04-14,6105,0.7,19.1,0.0,1.7,55.3,13.1,25.97,1.3,7213.888888888889
1011,2020-04-15,5408,2.3,20.7,0.0,1.2,46.3,13.2,22.6,5.9,6277.777777777777
1012,2020-04-16,5524,3.6,22.7,0.0,2.0,47.4,13.2,24.58,4.1,6827.777777777777
1013,2020-04-17,2573,9.4,17.1,0.6,3.4,76.5,13.2,10.88,7.1,3022.222222222222
1014,2020-04-18,6185,7.5,18.2,1.0,2.1,74.0,13.3,24.06,5.6,6683.333333333333
1015,2020-04-19,1119,7.0,15.2,17.2,1.4,86.6,13.3,4.16,9.8,1155.5555555555557
1016,2020-04-20,3065,6.1,14.0,0.2,3.0,80.6,13.3,11.52,5.5,3200.0
1017,2020-04-21,6443,4.3,11.2,0.0,4.6,52.9,13.4,24.18,5.6,6716.666666666667
1018,2020-04-22,5789,5.1,10.6,0.0,5.4,42.6,13.4,19.92,3.4,5533.333333333333
1019,2020-04-23,6361,4.1,14.2,0.0,4.0,47.9,13.4,26.74,0.1,7427.777777777777
1020,2020-04-24,6448,0.4,14.8,0.0,4.1,60.1,13.5,26.87,0.4,7463.888888888889
1021,2020-04-25,5183,7.0,17.6,0.0,4.6,60.0,13.5,22.71,1.4,6308.333333333333
1022,2020-04-26,6544,2.8,18.3,0.0,2.4,51.3,13.5,27.38,2.4,7605.555555555556
1023,2020-04-27,6354,2.9,18.4,0.0,2.3,53.4,13.6,24.65,2.1,6847.222222222223
1024,2020-04-28,6209,2.6,18.6,0.0,2.7,68.4,13.6,26.33,0.8,7313.888888888889
1025,2020-04-29,6158,7.1,20.7,0.0,2.5,52.1,13.6,26.56,0.6,7377.777777777777
1026,2020-04-30,6141,5.9,22.1,0.0,3.2,68.1,13.7,18.2,4.1,5055.555555555556
1027,2020-05-01,5590,15.4,23.0,0.0,4.8,85.3,13.7,15.85,7.4,4402.777777777777
1028,2020-05-02,3597,16.4,22.5,0.0,2.8,81.0,13.8,10.8,8.6,3000.0
1029,2020-05-03,4665,15.8,25.0,1.9,1.7,75.6,13.8,17.45,7.3,4847.222222222223
1030,2020-05-04,6230,9.7,24.3,0.0,2.1,73.6,13.8,25.45,5.9,7069.444444444444
1031,2020-05-05,1823,8.5,16.6,7.9,1.4,89.6,13.8,6.54,6.8,1816.6666666666667
1032,2020-05-06,6560,9.7,26.0,0.0,1.9,63.1,13.9,28.01,2.5,7780.555555555556
1033,2020-05-07,6364,11.3,27.4,0.0,1.8,39.5,13.9,26.51,6.1,7363.888888888889
1034,2020-05-08,4982,12.5,24.9,7.6,1.6,50.4,13.9,18.99,8.1,5275.0
1035,2020-05-09,732,12.4,18.7,22.3,3.4,96.0,14.0,2.26,9.6,627.7777777777778
1036,2020-05-10,3800,11.9,17.4,0.9,2.7,91.9,14.0,9.03,7.0,2508.3333333333335
1037,2020-05-11,5602,12.1,20.2,2.3,2.7,78.6,14.0,23.17,5.0,6436.111111111111
1038,2020-05-12,5530,9.6,19.7,0.0,3.5,73.5,14.1,22.82,2.3,6338.888888888889
1039,2020-05-13,7001,6.8,21.3,0.0,2.4,58.5,14.1,28.57,0.1,7936.111111111111
1040,2020-05-14,5067,11.4,25.0,0.0,1.5,40.6,14.1,20.16,9.1,5600.0
1041,2020-05-15,899,14.0,19.7,18.5,2.1,86.8,14.1,2.8,9.5,777.7777777777778
1042,2020-05-16,1760,13.5,17.5,0.2,2.2,93.8,14.2,8.59,7.0,2386.1111111111113
1043,2020-05-17,4913,13.0,25.5,0.0,1.7,83.6,14.2,22.37,4.3,6213.888888888889
1044,2020-05-18,3692,12.6,27.6,20.1,2.2,82.9,14.2,11.15,8.0,3097.222222222222
1045,2020-05-19,2932,11.6,18.3,7.9,3.0,75.6,14.2,14.35,6.9,3986.1111111111113
1046,2020-05-20,6652,10.7,20.1,0.0,1.8,58.3,14.3,23.78,4.9,6605.555555555556
1047,2020-05-21,5512,9.4,23.3,0.0,1.4,69.3,14.3,22.3,4.6,6194.444444444444
1048,2020-05-22,3981,12.8,23.6,0.0,1.8,75.0,14.3,18.86,7.9,5238.888888888889
1049,2020-05-23,6120,13.6,23.6,0.0,2.0,72.8,14.3,26.93,4.9,7480.555555555556
1050,2020-05-24,3667,13.2,22.0,10.9,2.8,82.6,14.4,20.61,7.0,5725.0
1051,2020-05-25,3047,13.1,20.5,0.0,1.4,83.3,14.4,16.79,8.3,4663.888888888889
1052,2020-05-26,4913,12.5,23.9,0.7,1.4,79.8,14.4,20.34,7.3,5650.0
1053,2020-05-27,7181,11.7,23.7,0.0,1.5,72.6,14.4,27.87,5.0,7741.666666666667
1054,2020-05-28,6658,10.9,22.9,0.0,1.8,75.0,14.5,28.09,2.1,7802.777777777777
1055,2020-05-29,7076,11.5,27.1,0.0,1.3,71.9,14.5,25.94,5.0,7205.555555555556
1056,2020-05-30,6576,13.3,28.7,0.0,1.4,62.8,14.5,23.74,4.6,6594.444444444444
1057,2020-05-31,5187,13.8,25.3,0.1,1.9,66.5,14.5,18.62,6.0,5172.222222222223
1058,2020-06-01,7356,14.0,23.7,0.0,3.0,78.8,14.5,29.87,3.8,8297.222222222223
1059,2020-06-02,3098,13.6,22.3,4.1,2.0,82.4,14.5,11.63,8.6,3230.5555555555557
1060,2020-06-03,5458,17.2,25.5,3.4,2.3,88.3,14.6,20.28,6.4,5633.333333333333
1061,2020-06-04,5552,18.3,23.5,0.0,3.1,93.8,14.6,9.12,7.1,2533.3333333333335
1062,2020-06-05,5326,17.1,28.4,0.3,1.5,81.6,14.6,19.65,6.3,5458.333333333333
1063,2020-06-06,5932,15.9,29.2,0.0,1.6,77.0,14.6,24.79,3.9,6886.111111111111
1064,2020-06-07,6461,17.0,26.4,0.2,2.1,82.0,14.6,21.82,5.6,6061.111111111111
1065,2020-06-08,6134,16.8,31.1,0.0,1.3,64.0,14.6,26.78,0.4,7438.888888888889
1066,2020-06-09,6469,16.4,33.1,0.0,1.4,56.4,14.6,27.58,2.6,7661.111111111111
1067,2020-06-10,4911,18.8,33.2,35.7,1.5,73.3,14.6,19.79,8.3,5497.222222222223
1068,2020-06-11,6794,19.7,29.6,2.6,1.7,80.9,14.6,23.69,4.1,6580.555555555556
1069,2020-06-12,2642,18.9,26.0,0.6,0.9,89.4,14.6,9.39,9.6,2608.3333333333335
1070,2020-06-13,5571,20.1,30.6,0.3,1.9,81.1,14.7,24.39,7.4,6775.0
1071,2020-06-14,5618,18.6,28.6,0.1,2.4,77.0,14.7,20.81,5.6,5780.555555555556
1072,2020-06-15,6271,16.9,26.1,0.0,2.2,76.3,14.7,25.4,5.0,7055.555555555556
1073,2020-06-16,5979,19.4,27.2,0.0,2.0,74.8,14.7,26.43,6.8,7341.666666666667
1074,2020-06-17,5090,18.0,26.7,0.0,1.5,77.1,14.7,17.14,9.4,4761.111111111111
1075,2020-06-18,2412,19.7,25.7,0.0,1.3,76.0,14.7,10.63,9.4,2952.777777777778
1076,2020-06-19,5046,19.4,29.3,0.0,1.8,69.0,14.7,25.06,5.4,6961.111111111111
1077,2020-06-20,5253,17.1,27.3,0.0,1.7,78.8,14.7,26.76,1.4,7433.333333333333
1078,2020-06-21,6322,18.2,31.3,0.0,1.6,66.4,14.7,27.36,2.1,7600.0
1079,2020-06-22,6732,17.5,33.7,0.0,1.4,62.5,14.7,28.51,1.5,7919.444444444444
1080,2020-06-23,4306,19.8,30.4,0.0,1.3,70.4,14.7,18.7,8.4,5194.444444444444
1081,2020-06-24,956,21.1,25.9,7.3,2.9,80.1,14.7,3.52,9.6,977.7777777777778
1082,2020-06-25,1743,19.2,22.1,1.4,3.3,93.8,14.7,5.8,9.3,1611.111111111111
1083,2020-06-26,5749,18.4,25.6,0.2,2.7,81.5,14.7,20.78,7.2,5772.222222222223
1084,2020-06-27,5262,18.9,29.5,0.0,1.3,73.0,14.7,21.0,5.8,5833.333333333333
1085,2020-06-28,6822,18.2,29.1,0.0,1.4,78.0,14.7,25.27,3.8,7019.444444444444
1086,2020-06-29,1795,18.3,26.3,66.7,1.8,88.3,14.7,7.07,9.1,1963.888888888889
1087,2020-06-30,1446,18.4,20.2,21.1,3.7,92.4,14.7,7.85,5.7,2180.5555555555557
1088,2020-07-01,2796,17.1,24.5,0.0,1.5,86.0,14.6,13.18,7.9,3661.1111111111113
1089,2020-07-02,5955,19.1,28.8,0.0,1.4,79.5,14.6,24.69,6.5,6858.333333333333
1090,2020-07-03,4721,18.8,27.4,0.0,1.4,76.6,14.6,11.62,9.3,3227.777777777778
1091,2020-07-04,5235,18.3,27.8,0.0,1.1,78.4,14.6,19.25,7.1,5347.222222222223
1092,2020-07-05,5326,17.7,27.5,0.0,0.9,79.9,14.6,18.2,7.4,5055.555555555556
1093,2020-07-06,4976,19.5,30.2,0.0,1.3,74.5,14.6,21.11,7.3,5863.888888888889
1094,2020-07-07,4419,19.6,27.2,0.0,1.2,83.5,14.6,13.76,5.4,3822.222222222222
1095,2020-07-08,5825,17.4,30.2,0.0,1.3,80.8,14.6,25.26,4.8,7016.666666666667
1096,2020-07-09,5543,20.0,32.1,0.0,1.3,77.1,14.5,20.43,5.3,5675.0
1097,2020-07-10,3773,22.3,30.4,0.9,2.2,73.6,14.5,18.12,8.4,5033.333333333333
1098,2020-07-11,4467,19.4,29.6,0.0,1.3,70.8,14.5,19.44,0.0,5400.0
1099,2020-07-12,1208,19.7,24.9,15.2,1.4,85.8,14.5,4.53,0.0,1258.3333333333333
1100,2020-07-13,476,17.8,19.7,88.2,3.7,95.3,14.5,2.87,6.0,797.2222222222222
1101,2020-07-14,2085,17.2,21.7,16.5,2.8,86.1,14.5,8.05,6.9,2236.1111111111113
1102,2020-07-15,5424,18.1,27.6,0.6,1.2,79.9,14.4,22.24,3.9,6177.777777777777
1103,2020-07-16,6492,16.4,28.9,0.0,0.8,76.1,14.4,23.71,3.1,6586.111111111111
1104,2020-07-17,6300,17.6,29.8,0.0,1.3,75.1,14.4,26.43,3.9,7341.666666666667
1105,2020-07-18,4489,19.0,29.1,0.0,1.3,78.5,14.4,17.82,7.4,4950.0
1106,2020-07-19,1963,20.8,28.6,20.5,2.4,82.5,14.4,5.62,9.3,1561.111111111111
1107,2020-07-20,1750,21.7,26.6,2.0,3.9,90.9,14.3,6.44,8.9,1788.888888888889
1108,2020-07-21,5681,21.1,29.5,0.0,1.1,78.3,14.3,18.56,7.1,5155.555555555556
1109,2020-07-22,608,20.6,26.2,2.4,1.0,87.9,14.3,8.43,10.0,2341.6666666666665
1110,2020-07-23,439,20.3,22.1,112.8,2.3,94.6,14.3,1.49,9.4,413.8888888888889
1111,2020-07-24,2508,18.8,24.3,24.1,2.9,81.4,14.2,12.09,9.0,3358.3333333333335
1112,2020-07-25,4583,21.1,29.6,0.0,1.9,69.3,14.2,20.93,6.9,5813.888888888889
1113,2020-07-26,2864,20.7,26.5,0.0,1.3,80.0,14.2,13.73,7.6,3813.8888888888887
